새티커,원래티커,종목명,시장
SSE,5930,삼성전자,KOSPI
SKH,660,SK하이닉스,KOSPI
SSEP,5935,삼성전자우,KOSPI
LGE,373220,LG에너지솔루션,KOSPI
HMC,5380,현대차,KOSPI
SKS,402340,SK스퀘어,KOSPI
DSE,34020,두산에너빌리티,KOSPI
HWA,12450,한화에어로스페이스,KOSPI
SSB,207940,삼성바이오로직스,KOSPI
HDHI,329180,HD현대중공업,KOSPI
KIA,270,기아,KOSPI
SSM,9150,삼성전기,KOSPI
KBF,105560,KB금융,KOSPI
SSD,6400,삼성SDI,KOSPI
SSL,32830,삼성생명,KOSPI
SST,28260,삼성물산,KOSPI
SHFH,55550,신한지주,KOSPI
CTRN,68270,셀트리온,KOSPI
HMB,12330,현대모비스,KOSPI
HWO,42660,한화오션,KOSPI
HDE,267260,HD현대일렉트릭,KOSPI
MAS,6800,미래에셋증권,KOSPI
KZ,10130,고려아연,KOSPI
NVR,35420,NAVER,KOSPI
HNFH,86790,하나금융지주,KOSPI
PSCH,5490,POSCO홀딩스,KOSPI
HDK,9540,HD한국조선해양,KOSPI
KE,15760,한국전력,KOSPI
LSE,10120,LS ELECTRIC,KOSPI
HYH,298040,효성중공업,KOSPI
SSH,10140,삼성중공업,KOSPI
HMS,42700,한미반도체,KOSPI
LGC,51910,LG화학,KOSPI
SK,34730,SK,KOSPI
HMR,64350,현대로템,KOSPI
WRFH,316140,우리금융지주,KOSPI
HWS,272210,한화시스템,KOSPI
DSN,150,두산,KOSPI
PSF,3670,포스코퓨처엠,KOSPI
SKI,96770,SK이노베이션,KOSPI
LDA,79550,LIG디펜스앤에어로스페이스,KOSPI
LGEL,66570,LG전자,KOSPI
SKT,17670,SK텔레콤,KOSPI
KKO,35720,카카오,KOSPI
HDH,267250,HD현대,KOSPI
SSF,810,삼성화재,KOSPI
HMM,11200,HMM,KOSPI
KTG,33780,KT&G,KOSPI
MZFH,138040,메리츠금융지주,KOSPI
HMEC,720,현대건설,KOSPI
KAI,47810,한국항공우주,KOSPI
IBK,24110,기업은행,KOSPI
HMG,86280,현대글로비스,KOSPI
APL,278470,에이피알,KOSPI
KT,30200,KT,KOSPI
LG,3550,LG,KOSPI
KFGH,71050,한국금융지주,KOSPI
PSI,47050,포스코인터내셔널,KOSPI
SDS,18260,삼성에스디에스,KOSPI
DSDE,47040,대우건설,KOSPI
SKSO,10950,S-Oil,KOSPI
NHI,5940,NH투자증권,KOSPI
KRF,259960,크래프톤,KOSPI
HMA,307950,현대오토에버,KOSPI
ISP,7660,이수페타시스,KOSPI
LGI,11070,LG이노텍,KOSPI
KKB,323410,카카오뱅크,KOSPI
KWS,39490,키움증권,KOSPI
DBI,5830,DB손해보험,KOSPI
LS,6260,LS,KOSPI
HYB,352820,하이브,KOSPI
HDM,443060,HD현대마린솔루션,KOSPI
SYF,3230,삼양식품,KOSPI
SSA,28050,삼성E&A,KOSPI
SSV,16360,삼성증권,KOSPI
HWH,880,한화,KOSPI
HJKA,3490,대한항공,KOSPI
HMCB,5387,현대차2우B,KOSPI
HDC,267270,HD건설기계,KOSPI
HWSO,9830,한화솔루션,KOSPI
SKB,326030,SK바이오팜,KOSPI
HTT,161390,한국타이어앤테크놀로지,KOSPI
ELN,66970,엘앤에프,KOSPI
HJK,180640,한진칼,KOSPI
LGD,34220,LG디스플레이,KOSPI
KKP,377300,카카오페이,KOSPI
APC,90430,아모레퍼시픽,KOSPI
DEW,1440,대한전선,KOSPI
YHN,100,유한양행,KOSPI
LGU,32640,LG유플러스,KOSPI
DSB,241560,두산밥캣,KOSPI
KEC,52690,한전기술,KOSPI
LGCN,64400,LG씨엔에스,KOSPI
GS,78930,GS,KOSPI
SEL,62040,산일전기,KOSPI
HMP,128940,한미약품,KOSPI
SSC,29780,삼성카드,KOSPI
CJ,1040,CJ,KOSPI
DSR,454910,두산로보틱스,KOSPI
HMCP,5385,현대차우,KOSPI
NC,36570,NC,KOSPI
OCH,10060,OCI홀딩스,KOSPI
EB,450080,에코프로머티,KOSPI
BNKH,138930,BNK금융지주,KOSPI
COW,21240,코웨이,KOSPI
JBFH,175330,JB금융지주,KOSPI
HWE,82740,한화엔진,KOSPI
DBH,990,DB하이텍,KOSPI
MCI,88980,맥쿼리인프라,KOSPI
ORN,271560,오리온,KOSPI
PSD,22100,포스코DX,KOSPI
HMST,4020,현대제철,KOSPI
DDE,353200,대덕전자,KOSPI
KCC,2380,KCC,KOSPI
SKC,11790,SKC,KOSPI
HWHS,18880,한온시스템,KOSPI
HWL,88350,한화생명,KOSPI
NMB,251270,넷마블,KOSPI
IJE,103590,일진전기,KOSPI
HWV,489790,한화비전,KOSPI
IS,457190,이수스페셜티케미컬,KOSPI
LOC,11170,롯데케미칼,KOSPI
HE,17800,현대엘리베이터,KOSPI
LGHH,51900,LG생활건강,KOSPI
DLE,375500,DL이앤씨,KOSPI
YNG,111770,영원무역,KOSPI
DHS,439260,대한조선,KOSPI
GWL,35250,강원랜드,KOSPI
DBZ,12510,더존비즈온,KOSPI
SSG,4170,신세계,KOSPI
GSC,6360,GS건설,KOSPI
CJC,97950,CJ제일제당,KOSPI
KAP,11780,금호석유화학,KOSPI
SEOU,31210,서울보증보험,KOSPI
SKBI,302440,SK바이오사이언스,KOSPI
KGC,36460,한국가스공사,KOSPI
SHIN,1720,신영증권,KOSPI
LOS,23530,롯데쇼핑,KOSPI
SC,12750,에스원,KOSPI
HDME,71970,HD현대마린엔진,KOSPI
HNC,14680,한솔케미칼,KOSPI
LOE,20150,롯데에너지머티리얼즈,KOSPI
DSFC,336260,두산퓨얼셀,KOSPI
POC,28670,팬오션,KOSPI
IMGH,139130,iM금융지주,KOSPI
MAL,85620,미래에셋생명,KOSPI
GAC,500,가온전선,KOSPI
SLC,5850,에스엘,KOSPI
CSW,112610,씨에스윈드,KOSPI
YNGH,9970,영원무역홀딩스,KOSPI
PC,103140,풍산,KOSPI
EMT,139480,이마트,KOSPI
LOTH,4990,롯데지주,KOSPI
HJH,97230,HJ중공업,KOSPI
KPS,51600,한전KPS,KOSPI
KCB,17960,한국카본,KOSPI
HMI,1450,현대해상,KOSPI
DSO,26960,동서,KOSPI
HYG,4800,효성,KOSPI
KLI,120110,코오롱인더,KOSPI
HS,8930,한미사이언스,KOSPI
DGB,483650,달바글로벌,KOSPI
KBK,279570,케이뱅크,KOSPI
FF,383220,F&F,KOSPI
SBSH,1430,세아베스틸지주,KOSPI
HLM,204320,HL만도,KOSPI
HNB,9420,한올바이오파마,KOSPI
CMX,192820,코스맥스,KOSPI
DNA,7340,DN오토모티브,KOSPI
CJL,120,CJ대한통운,KOSPI
HWHA,240,한국앤컴퍼니,KOSPI
HDGH,5440,현대지에프홀딩스,KOSPI
HMW,11210,현대위아,KOSPI
SKIT,361610,SK아이이테크놀로지,KOSPI
BGR,282330,BGF리테일,KOSPI
HYT,298020,효성티앤씨,KOSPI
NSM,4370,농심,KOSPI
KCT,7810,코리아써키트,KOSPI
DSNP,155,두산우,KOSPI
SKG,18670,SK가스,KOSPI
CHEW,30000,제일기획,KOSPI
MSTH,81660,미스토홀딩스,KOSPI
SHL,8770,호텔신라,KOSPI
KRI,3690,코리안리,KOSPI
CAM,5070,코스모신소재,KOSPI
APCH,2790,아모레퍼시픽홀딩스,KOSPI
DTC,23590,다우기술,KOSPI
HPS,69960,현대백화점,KOSPI
SKR,395400,SK리츠,KOSPI
KLK,161890,한국콜마,KOSPI
LXI,1120,LX인터내셔널,KOSPI
HDES,322000,HD현대에너지솔루션,KOSPI
STX,77970,STX엔진,KOSPI
SFT,462870,시프트업,KOSPI
GSR,7070,GS리테일,KOSPI
DAIS,3540,대신증권,KOSPI
SND,3570,SNT다이내믹스,KOSPI
SKE,475150,SK이터닉스,KOSPI
LSEE,229640,LS에코에너지,KOSPI
DWP,69620,대웅제약,KOSPI
DWI,6040,동원산업,KOSPI
KAT,73240,금호타이어,KOSPI
GRC,6280,녹십자,KOSPI
HWIS,3530,한화투자증권,KOSPI
HDHD,12630,HDC,KOSPI
HDI,294870,IPARK현대산업개발,KOSPI
LOTD,32350,롯데관광개발,KOSPI
KYS,30610,교보증권,KOSPI
HSG,93370,후성,KOSPI
ORNH,1800,오리온홀딩스,KOSPI
HJAA,20560,아시아나항공,KOSPI
OGI,7310,오뚜기,KOSPI
SKO,100090,SK오션플랜트,KOSPI
LGCP,51915,LG화학우,KOSPI
DYL,82640,동양생명,KOSPI
PRD,34230,파라다이스,KOSPI
LOFC,4000,롯데정밀화학,KOSPI
LOTR,330590,롯데리츠,KOSPI
NVN,181710,NHN,KOSPI
TKI,3240,태광산업,KOSPI
DL,210,DL,KOSPI
DWN,3090,대웅,KOSPI
HC,300720,한일시멘트,KOSPI
YPN,670,영풍,KOSPI
KBI,415640,KB발해인프라,KOSPI
LOR,89860,롯데렌탈,KOSPI
JKD,185750,종근당,KOSPI
HTJ,80,하이트진로,KOSPI
BH,90460,비에이치,KOSPI
SKN,1740,SK네트웍스,KOSPI
KC,281820,케이씨텍,KOSPI
HDS,195870,해성디에스,KOSPI
HWHR,451800,한화리츠,KOSPI
SHI,75580,세진중공업,KOSPI
LOCH,5300,롯데칠성,KOSPI
EKSR,365550,ESR켄달스퀘어리츠,KOSPI
SSFP,815,삼성화재우,KOSPI
SNE,100840,SNT에너지,KOSPI
MCS,484870,엠앤씨솔루션,KOSPI
WGM,192080,더블유게임즈,KOSPI
LOW,280360,롯데웰푸드,KOSPI
OC,456040,OCI,KOSPI
SMA,6110,삼아알미늄,KOSPI
PMC,5690,파미셀,KOSPI
HYHA,298050,HS효성첨단소재,KOSPI
SKD,6120,SK디스커버리,KOSPI
SDB,137310,에스디바이오센서,KOSPI
KFGHP,71055,한국금융지주우,KOSPI
HPH,57050,현대홈쇼핑,KOSPI
SNTH,36530,SNT홀딩스,KOSPI
CKHH,192400,쿠쿠홀딩스,KOSPI
DC,6650,대한유화,KOSPI
SKCH,285130,SK케미칼,KOSPI
YTS,3470,유안타증권,KOSPI
JWE,33240,자화전자,KOSPI
KDN,9450,경동나비엔,KOSPI
JCR,79900,전진건설로봇,KOSPI
LGELP,66575,LG전자우,KOSPI
GSP,499790,GS피앤엘,KOSPI
SAM,336370,솔루스첨단소재,KOSPI
SLM,248070,솔루엠,KOSPI
SSMP,9155,삼성전기우,KOSPI
AKC,161000,애경케미칼,KOSPI
SM,64960,SNT모티브,KOSPI
NEI,30190,NICE평가정보,KOSPI
LXS,108320,LX세미콘,KOSPI
DI,3160,디아이,KOSPI
GSSE,5090,SGC에너지,KOSPI
HNS,9240,한샘,KOSPI
KDH,71320,지역난방공사,KOSPI
SBB,4490,세방전지,KOSPI
SASH,3030,세아제강지주,KOSPI
DAEH,5880,대한해운,KOSPI
IDP,249420,일동제약,KOSPI
SKSE,1510,SK증권,KOSPI
ISD,10780,아이에스동서,KOSPI
KDT,25540,한국단자,KOSPI
SE,11930,신성이엔지,KOSPI
BRG,3850,보령,KOSPI
MYP,317450,명인제약,KOSPI
KGM,3620,KG모빌리티,KOSPI
CJCG,79160,CJ CGV,KOSPI
DWS,14820,동원시스템즈,KOSPI
PST,10820,퍼스텍,KOSPI
BKS,1270,부국증권,KOSPI
PAM,178920,PI첨단소재,KOSPI
HWI,370,한화손해보험,KOSPI
INC,214320,이노션,KOSPI
KLN,2020,코오롱,KOSPI
SHAR,293940,신한알파리츠,KOSPI
LF,93050,LF,KOSPI
FFH,7700,F&F홀딩스,KOSPI
HAS,3280,흥아해운,KOSPI
NXTI,2350,넥센타이어,KOSPI
GKL,114090,GKL,KOSPI
TKH,69260,TKG휴켐스,KOSPI
BKP,3000,부광약품,KOSPI
CSC,5420,코스모화학,KOSPI
DAS,1680,대상,KOSPI
JWP,1060,JW중외제약,KOSPI
MPR,94800,맵스리얼티,KOSPI
TM,217590,티엠씨,KOSPI
BGB,5180,빙그레,KOSPI
HMSE,1500,현대차증권,KOSPI
YCH,8730,율촌화학,KOSPI
SHC,1820,삼화콘덴서,KOSPI
GRCH,5250,녹십자홀딩스,KOSPI
XX,17940,E1,KOSPI
MWN,2840,미원상사,KOSPI
SEGH,58650,세아홀딩스,KOSPI
HTR,39130,하나투어,KOSPI
LON,400,롯데손해보험,KOSPI
SSFNR,448730,삼성FN리츠,KOSPI
KJW,17900,광전자,KOSPI
DWDAH,640,동아쏘시오홀딩스,KOSPI
KSO,2960,한국쉘석유,KOSPI
LXHH,383800,LX홀딩스,KOSPI
KOS,2240,고려제강,KOSPI
PCH,5810,풍산홀딩스,KOSPI
KEI,130660,한전산업,KOSPI
GYG,1570,금양,KOSPI
DID,1530,DI동일,KOSPI
IHS,271940,일진하이솔루스,KOSPI
DAISP,3545,대신증권우,KOSPI
CPO,6380,카프로,KOSPI
TYC,9410,태영건설,KOSPI
SPP,19170,신풍제약,KOSPI
KGS,16380,KG스틸,KOSPI
MSI,9900,명신산업,KOSPI
MSC,268280,미원에스씨,KOSPI
DBF,16610,DB증권,KOSPI
UND,14830,유니드,KOSPI
HA,20000,한섬,KOSPI
HMCC,5389,현대차3우B,KOSPI
PBP,950210,프레스티지바이오파마,KOSPI
WJN,105840,우진,KOSPI
CCH,284740,쿠쿠홈시스,KOSPI
ASE,2030,아세아,KOSPI
HJHAH,3300,한일홀딩스,KOSPI
SYGH,70,삼양홀딩스,KOSPI
DSDS,460860,동국제강,KOSPI
HMGF,453340,현대그린푸드,KOSPI
SDP,16590,신대양제지,KOSPI
NHIP,5945,NH투자증권우,KOSPI
SSDP,6405,삼성SDI우,KOSPI
BNT,377740,바이오노트,KOSPI
SSGI,31430,신세계인터내셔날,KOSPI
KCA,381970,케이카,KOSPI
DWC,6340,대원전선,KOSPI
SIND,29530,신도리코,KOSPI
DDK,8060,대덕,KOSPI
APCP,90435,아모레퍼시픽우,KOSPI
HWG,452260,한화갤러리아,KOSPI
NCE,34310,NICE,KOSPI
TCS,2710,TCC스틸,KOSPI
JEB,6220,제주은행,KOSPI
SCL,4690,삼천리,KOSPI
EIS,1200,유진투자증권,KOSPI
KEIS,29460,케이씨,KOSPI
SYS,145990,삼양사,KOSPI
BGF,27410,BGF,KOSPI
DMT,192650,드림텍,KOSPI
HSE,105630,한세실업,KOSPI
CLIR,357120,코람코라이프인프라리츠,KOSPI
PLM,17810,풀무원,KOSPI
DSS,17860,DS단석,KOSPI
DNT,145720,덴티움,KOSPI
KCG,344820,KCC글라스,KOSPI
JPH,4700,조광피혁,KOSPI
HWAS,10690,화신,KOSPI
NSMH,72710,농심홀딩스,KOSPI
DSNB,157,두산2우B,KOSPI
NHC,25860,남해화학,KOSPI
JJA,89590,제주항공,KOSPI
INV,15360,INVENI,KOSPI
DA,170900,동아에스티,KOSPI
SML,5610,삼립,KOSPI
ILJH,15860,일진홀딩스,KOSPI
PRS,16800,퍼시스,KOSPI
ASC,183190,아세아시멘트,KOSPI
NEXT,92790,넥스틸,KOSPI
SAS,306200,세아제강,KOSPI
CDRR,417310,코람코더원리츠,KOSPI
MCN,97520,엠씨넥스,KOSPI
TAV,91810,트리니티항공,KOSPI
AKI,18250,애경산업,KOSPI
SSI,126720,수산인더스트리,KOSPI
KDP,9290,광동제약,KOSPI
HANN,11500,한농화성,KOSPI
STK,26890,스틱인베스트먼트,KOSPI
HMHY,11760,현대코퍼레이션,KOSPI
DAE,84010,대한제강,KOSPI
SOC,403550,쏘카,KOSPI
HYS,1750,한양증권,KOSPI
SEH,200880,서연이화,KOSPI
KG,1390,KG케미칼,KOSPI
HLH,60980,HL홀딩스,KOSPI
KSHH,1940,KISCO홀딩스,KOSPI
KL,34830,한국토지신탁,KOSPI
JSC,194370,제이에스코퍼레이션,KOSPI
DB,12030,DB,KOSPI
HDF,126560,현대퓨처넷,KOSPI
NXN,5720,넥센,KOSPI
KECA,92220,KEC,KOSPI
GC,7690,국도화학,KOSPI
KST,104700,한국철강,KOSPI
SYT,2810,삼영무역,KOSPI
KPXH,92230,KPX홀딩스,KOSPI
APD,2310,아세아제지,KOSPI
DASH,84690,대상홀딩스,KOSPI
DKHH,1230,동국홀딩스,KOSPI
SMP,9160,SIMPAC,KOSPI
PKC,1340,PKC,KOSPI
ACC,78520,에이블씨엔씨,KOSPI
JNA,272450,진에어,KOSPI
LOI,286940,롯데이노베이트,KOSPI
SAMY,3720,삼영,KOSPI
IRC,88260,이리츠코크렙,KOSPI
KA,123890,한국자산신탁,KOSPI
LVMH,900140,엘브이엠씨홀딩스,KOSPI
YGP,37270,YG PLUS,KOSPI
YJP,3520,영진약품,KOSPI
UPH,33270,유나이티드제약,KOSPI
GSG,1250,GS글로벌,KOSPI
KLKOH,24720,콜마홀딩스,KOSPI
MASP,6805,미래에셋증권우,KOSPI
BYC,1460,BYC,KOSPI
KSS,44450,KSS해운,KOSPI
DSI,128820,대성산업,KOSPI
NAL,8350,남선알미늄,KOSPI
TBK,475560,더본코리아,KOSPI
NDP,3920,남양유업,KOSPI
ISI,3120,일성아이에스,KOSPI
SGS,17390,서울가스,KOSPI
HG,53690,한미글로벌,KOSPI
JWHH,96760,JW홀딩스,KOSPI
CEX,650,천일고속,KOSPI
SSGG,37710,광주신세계,KOSPI
SDM,3960,사조대림,KOSPI
TYM,2900,TYM,KOSPI
SYE,5680,삼영전자,KOSPI
KLG,3070,코오롱글로벌,KOSPI
HJN,2320,한진,KOSPI
SWE,9470,삼화전기,KOSPI
EVPR,334890,이지스밸류플러스리츠,KOSPI
SBG,4360,세방,KOSPI
NRHH,320,노루홀딩스,KOSPI
DIC,92200,디아이씨,KOSPI
DAED,490,대동,KOSPI
DDR,377190,디앤디플랫폼리츠,KOSPI
PSS,58430,포스코스틸리온,KOSPI
HKF,540,흥국화재,KOSPI
HST,5010,휴스틸,KOSPI
ISB,3200,일신방직,KOSPI
SBSA,34120,SBS,KOSPI
LGLH,108670,LX하우시스,KOSPI
LSN,680,LS네트웍스,KOSPI
SWTR,404990,신한서부티엔디리츠,KOSPI
SUN,4980,성신양회,KOSPI
HWEN,241590,화승엔터프라이즈,KOSPI
ZNS,13890,지누스,KOSPI
SSGIC,35510,신세계 I&C,KOSPI
YS,11690,와이투솔루션,KOSPI
DFM,1790,대한제당,KOSPI
KGB,50,경방,KOSPI
DGA,430,대원강업,KOSPI
SJI,7160,사조산업,KOSPI
EWD,84680,이월드,KOSPI
MWC,134380,미원화학,KOSPI
HMPH,4310,현대약품,KOSPI
DF,1130,대한제분,KOSPI
GYC,13580,계룡건설,KOSPI
BAEK,35150,백산,KOSPI
DIS,30210,다올투자증권,KOSPI
SHP,390,삼화페인트,KOSPI
JKDH,1630,종근당홀딩스,KOSPI
MHK,33920,무학,KOSPI
JRGR,348950,제이알글로벌리츠,KOSPI
SJN,136490,선진,KOSPI
IMK,122900,아이마켓코리아,KOSPI
ALC,1780,알루코,KOSPI
CJSP,5500,삼진제약,KOSPI
SWI,4430,송원산업,KOSPI
DE,117580,대성에너지,KOSPI
ISU,5950,이수화학,KOSPI
AAS,244920,에이플러스에셋,KOSPI
ABN,298690,에어부산,KOSPI
SKDD,210980,SK디앤디,KOSPI
HMBS,4560,현대비앤지스틸,KOSPI
DP,3220,대원제약,KOSPI
MTC,9680,모토닉,KOSPI
DAGE,28100,동아지질,KOSPI
DOHW,2150,도화엔지니어링,KOSPI
JAL,18470,조일알미늄,KOSPI
CRHH,480,CR홀딩스,KOSPI
SAMI,4380,삼익THK,KOSPI
SKL,53210,스카이라이프,KOSPI
SMB,10580,에스엠벡셀,KOSPI
HT,4710,한솔테크닉스,KOSPI
KBSR,432320,KB스타리츠,KOSPI
AJN,95570,AJ네트웍스,KOSPI
LGHHP,51905,LG생활건강우,KOSPI
DAISB,3547,대신증권2우B,KOSPI
ITH,226320,잇츠한불,KOSPI
KP,25000,KPX케미칼,KOSPI
WOON,16880,웅진,KOSPI
SKSOP,10955,S-Oil우,KOSPI
SHG,8490,서흥,KOSPI
SYN,7860,서연,KOSPI
SOOS,17550,수산세보틱스,KOSPI
SJG,33530,SJG세종,KOSPI
KFB,339770,교촌에프앤비,KOSPI
MPP,9580,무림P&P,KOSPI
IYP,7570,일양약품,KOSPI
DONG,102260,동성케미컬,KOSPI
GJV,860,강남제비스코,KOSPI
HTJH,140,하이트진로홀딩스,KOSPI
KCM,3350,한국화장품제조,KOSPI
BRM,3610,방림,KOSPI
ILD,81000,일진다이아,KOSPI
HDL,39570,HDC랩스,KOSPI
SP,520,삼일제약,KOSPI
MHS,1080,만호제강,KOSPI
LGP,3555,LG우,KOSPI
HYHS,487570,HS효성,KOSPI
DBC,5960,동부건설,KOSPI
MCO,3650,미창석유,KOSPI
HNP,213500,한솔제지,KOSPI
IP,102460,이연제약,KOSPI
JEP,271980,제일약품,KOSPI
KOP,4090,한국석유,KOSPI
JWL,234080,JW생명과학,KOSPI
KDS,8970,KBI동양철관,KOSPI
CJP,1045,CJ우,KOSPI
HANI,16580,환인제약,KOSPI
SSGF,31440,신세계푸드,KOSPI
JYNH,100250,진양홀딩스,KOSPI
KACO,2990,금호건설,KOSPI
KNG,2100,경농,KOSPI
YHS,3460,유화증권,KOSPI
DON,1520,동양,KOSPI
LOH,71840,롯데하이마트,KOSPI
NHOR,400760,NH올원리츠,KOSPI
DCF,15230,대창단조,KOSPI
HWIN,6060,화승인더,KOSPI
KY,12610,경인양행,KOSPI
JSD,317400,자이에스앤디,KOSPI
HANH,16450,한세예스24홀딩스,KOSPI
HTC,101530,해태제과식품,KOSPI
KCTC,9070,KCTC,KOSPI
LGH,37560,LG헬로비전,KOSPI
CJCP,97955,CJ제일제당 우,KOSPI
KORE,5430,한국공항,KOSPI
KAPP,11785,금호석유화학우,KOSPI
SYTS,2170,SYTS,KOSPI
EGI,25820,이구산업,KOSPI
SYK,272550,삼양패키징,KOSPI
NRP,90350,노루페인트,KOSPI
DHA,300,DH오토넥스,KOSPI
TOM,214420,토니모리,KOSPI
GYE,12200,계양전기,KOSPI
HANA,293480,하나제약,KOSPI
CRF,462520,조선내화,KOSPI
DYP,210540,디와이파워,KOSPI
SSP,1360,삼성제약,KOSPI
HEC,4960,한신공영,KOSPI
DGC,460850,동국씨엠,KOSPI
CB,44820,코스맥스비티아이,KOSPI
HDHE,89470,HDC현대EP,KOSPI
KDI,12320,경동인베스트,KOSPI
DOP,20,동화약품,KOSPI
HML,79430,현대리바트,KOSPI
YSHH,700,유수홀딩스,KOSPI
DHF,3830,대한화섬,KOSPI
CAH,25620,차AI헬스케어,KOSPI
KCP,970,한국주철관,KOSPI
KBP,214390,경보제약,KOSPI
HJHIH,3480,한진중공업홀딩스,KOSPI
SWN,9270,신원,KOSPI
TELC,78000,텔코웨어,KOSPI
JHC,2780,진흥기업,KOSPI
SHTR,4970,신라교역,KOSPI
GGI,14280,금강공업,KOSPI
KRP,27970,한국제지,KOSPI
TI,15890,태경산업,KOSPI
SEMP,7540,샘표,KOSPI
TLP,11280,태림포장,KOSPI
UQT,77500,유니퀘스트,KOSPI
MY,70960,모나용평,KOSPI
SWP,21820,세원정공,KOSPI
MIWH,107590,미원홀딩스,KOSPI
HYI,94280,효성ITX,KOSPI
HND,5870,휴니드,KOSPI
GREE,83420,그린케미칼,KOSPI
EGRR,350520,이지스레지던스리츠,KOSPI
HYC,298000,효성화학,KOSPI
NPC,4250,NPC,KOSPI
SDW,8040,사조동아원,KOSPI
KS,20120,키다리스튜디오,KOSPI
HWCO,13520,화승코퍼레이션,KOSPI
JPHA,2620,제일파마홀딩스,KOSPI
HAND,2390,한독,KOSPI
DCM,24090,디씨엠,KOSPI
DBN,4140,동방,KOSPI
KMN,10100,한국무브넥스,KOSPI
TYHH,363280,티와이홀딩스,KOSPI
HSM,11700,한신기계,KOSPI
HSHH,4150,한솔홀딩스,KOSPI
HSA,35000,HS애드,KOSPI
SYW,5800,신영와코루,KOSPI
DHH,16710,대성홀딩스,KOSPI
GDC,14530,극동유화,KOSPI
TKB,14580,태경비케이,KOSPI
BYEO,7210,벽산,KOSPI
SAJO,14710,사조씨푸드,KOSPI
DCH,12800,대창,KOSPI
DKO,19680,대교,KOSPI
KHC,123690,한국화장품,KOSPI
HLD,14790,HL D&I,KOSPI
KDG,267290,경동도시가스,KOSPI
DYI,13570,디와이,KOSPI
DAEY,14160,대영포장,KOSPI
THN,19180,티에이치엔,KOSPI
TAEY,4100,태양금속,KOSPI
SHH,4080,신흥,KOSPI
FSC,36580,팜스코,KOSPI
DOL,16740,두올,KOSPI
WTB,95720,웅진씽크빅,KOSPI
HH,2460,HS화성,KOSPI
ISS,7110,일신석재,KOSPI
SZI,67830,세이브존I&C,KOSPI
AJS,139990,아주스틸,KOSPI
CW,120030,조선선재,KOSPI
HAST,2220,한일철강,KOSPI
SF,248170,샘표식품,KOSPI
INZI,23800,인지컨트롤스,KOSPI
SSS,1290,상상인증권,KOSPI
DKM,15590,DKME,KOSPI
PPK,1020,페이퍼코리아,KOSPI
AID,267850,아시아나IDT,KOSPI
HMHYH,227840,현대코퍼레이션홀딩스,KOSPI
ICG,34590,인천도시가스,KOSPI
CTC,36420,콘텐트리중앙,KOSPI
WSS,17370,우신시스템,KOSPI
DOE,84670,동양고속,KOSPI
HLG,3580,HLB글로벌,KOSPI
AEN,8700,아남전자,KOSPI
HYVI,79980,휴비스,KOSPI
IHH,230,일동홀딩스,KOSPI
KTC,58850,KTcs,KOSPI
SMI,2450,삼익악기,KOSPI
AKHH,6840,AK홀딩스,KOSPI
KEP,2200,한국수출포장,KOSPI
HMT,10660,화천기계,KOSPI
BKSP,1275,부국증권우,KOSPI
ILSU,13360,일성건설,KOSPI
STXA,11810,STX,KOSPI
JKB,63160,종근당바이오,KOSPI
CRC,264900,크라운제과,KOSPI
NIS,8260,NI스틸,KOSPI
DRB,163560,동일고무벨트,KOSPI
DOSY,23450,동남합성,KOSPI
DR,4840,DRB동일,KOSPI
HGS,32560,황금에스티,KOSPI
JLS,11000,진원생명과학,KOSPI
SSAC,6660,삼성공조,KOSPI
CHHH,5740,크라운해태홀딩스,KOSPI
SIE,2700,신일전자,KOSPI
TC,6890,태경케미컬,KOSPI
KUP,2720,국제약품,KOSPI
KCK,119650,KC코트렐,KOSPI
SCEH,180,성창기업지주,KOSPI
KTI,58860,KTis,KOSPI
GSPA,78935,GS우,KOSPI
SGGL,4060,SG세계물산,KOSPI
CJS,11150,CJ씨푸드,KOSPI
TP,7980,TP,KOSPI
SHD,10960,삼호개발,KOSPI
APG,7460,에이프로젠,KOSPI
GMB,13870,지엠비코리아,KOSPI
YHNP,105,유한양행우,KOSPI
NWC,1260,남광토건,KOSPI
HYAI,3010,혜인,KOSPI
DLB,5750,대림바스,KOSPI
YBC,14440,영보화학,KOSPI
SAC,4440,삼일씨엔에스,KOSPI
SKIP,96775,SK이노베이션우,KOSPI
NK,85310,엔케이,KOSPI
IPK,23810,인팩,KOSPI
SWS,23000,삼원강재,KOSPI
TPX,55490,테이팩스,KOSPI
KO,7280,한국특강,KOSPI
HIGH,71090,하이스틸,KOSPI
SSPU,68290,삼성출판사,KOSPI
JC,109070,주성코퍼레이션,KOSPI
MAGR,396690,미래에셋글로벌리츠,KOSPI
MRP,9200,무림페이퍼,KOSPI
ITS,31820,아이티센씨티에스,KOSPI
NHPR,338100,NH프라임리츠,KOSPI
DII,4890,동일산업,KOSPI
IBZ,101140,인바이오젠,KOSPI
CSHH,590,CS홀딩스,KOSPI
HSL,9180,한솔로지스틱스,KOSPI
JHN,2600,조흥,KOSPI
DPI,111380,동인기연,KOSPI
JEG,1560,제일연마,KOSPI
KHT,214330,금호에이치티,KOSPI
VSE,100220,비상교육,KOSPI
MNL,12690,모나리자,KOSPI
PGS,4720,팜젠사이언스,KOSPI
SHHOH,6880,신송홀딩스,KOSPI
HWM,850,화천기공,KOSPI
DOA,7590,동방아그로,KOSPI
DOM,18500,동원금속,KOSPI
KR,10040,한국내화,KOSPI
CME,13700,까뮤이앤씨,KOSPI
BSI,11390,부산산업,KOSPI
KLIP,120115,코오롱인더우,KOSPI
HMECP,725,현대건설우,KOSPI
SACO,1470,삼부토건,KOSPI
SOY,6090,사조오양,KOSPI
SJP,9770,삼정펄프,KOSPI
JBI,1550,조비,KOSPI
DSST,69730,DSR제강,KOSPI
CKS,480370,씨케이솔루션,KOSPI
DYH,16090,대현,KOSPI
DKS,4830,덕성,KOSPI
APCHP,2795,아모레퍼시픽홀딩스우,KOSPI
DYD,24900,디와이덕양,KOSPI
CCN,4540,깨끗한나라,KOSPI
NDPP,3925,남양유업우,KOSPI
UMT,47400,유니온머티리얼,KOSPI
DASC,58730,다스코,KOSPI
UAN,72130,유엔젤,KOSPI
HAL,372910,한컴라이프케어,KOSPI
IGS,129260,인터지스,KOSPI
JI,3780,진양산업,KOSPI
YYP,220,유유제약,KOSPI
BYCP,1465,BYC우,KOSPI
WSG,6980,우성,KOSPI
UNI,910,유니온,KOSPI
KBID,1620,케이비아이동국실업,KOSPI
DSRA,155660,DSR,KOSPI
KOI,2140,고려산업,KOSPI
HOJ,111110,호전실업,KOSPI
HWSOP,9835,한화솔루션우,KOSPI
DAEG,6370,대구백화점,KOSPI
BRK,2760,보락,KOSPI
GIE,92440,기신정기,KOSPI
OB,2630,오리엔트바이오,KOSPI
SWNA,21050,서원,KOSPI
DYPA,92780,DYP,KOSPI
DYM,9190,대양금속,KOSPI
FIS,25560,미래산업,KOSPI
JKP,4910,조광페인트,KOSPI
HRA,378850,화승알앤에이,KOSPI
SFD,4410,서울식품,KOSPI
LOCHP,5305,롯데칠성우,KOSPI
SUNN,4770,써니전자,KOSPI
MAMR,357250,미래에셋맵스리츠,KOSPI
SCW,4450,삼화왕관,KOSPI
CIT,4920,씨아이테크,KOSPI
HEL,93240,형지엘리트,KOSPI
KRSP,7815,코리아써우,KOSPI
MP,17180,명문제약,KOSPI
UNC,11330,유니켐,KOSPI
SAN,41650,상신브레이크,KOSPI
WP,49800,우진플라임,KOSPI
BHB,890,보해양조,KOSPI
YHSP,3465,유화증권우,KOSPI
FIG,7120,미래아이앤지,KOSPI
IDF,14990,인디에프,KOSPI
KME,1210,금호전기,KOSPI
SJM,123700,SJM,KOSPI
SAR,75180,새론오토모티브,KOSPI
KOC,23350,한국종합기술,KOSPI
FBS,133820,화인베스틸,KOSPI
PHHH,10770,평화홀딩스,KOSPI
JBG,950,전방,KOSPI
YTSP,3475,유안타증권우,KOSPI
WMS,11300,우성머티리얼스,KOSPI
YHM,12280,영화금속,KOSPI
SJMH,25530,SJM홀딩스,KOSPI
PHI,90080,평화산업,KOSPI
INSC,6490,인스코비,KOSPI
BGS,26940,부국철강,KOSPI
SBSE,3080,SB성보,KOSPI
SUND,7610,선도전기,KOSPI
SCEN,23960,에쓰씨엔지니어링,KOSPI
BC,2410,범양건영,KOSPI
YHG,12160,영흥,KOSPI
MNK,27740,마니커,KOSPI
GSM,11420,갤럭시아에스엠,KOSPI
AJP,9320,아진전자부품,KOSPI
SKDP,6125,SK디스커버리우,KOSPI
ILJI,20760,일진디스플,KOSPI
SHGLR,481850,신한글로벌액티브리츠,KOSPI
APRO,3060,에이프로젠바이오로직스,KOSPI
SSSE,11230,삼화전자,KOSPI
SGGE,1380,SG글로벌,KOSPI
MOON,8420,문배철강,KOSPI
DLPA,215,DL우,KOSPI
YSC,2920,유성기업,KOSPI
CTM,308170,씨티알모빌리티,KOSPI
JIN,51630,진양화학,KOSPI
DAA,69460,대호에이엘,KOSPI
EI,8250,이건산업,KOSPI
GEUM,8870,금비,KOSPI
EHI,760,이화산업,KOSPI
BJG,5030,부산주공,KOSPI
HWISP,3535,한화투자증권우,KOSPI
ENP,74610,이엔플러스,KOSPI
MASTR,357430,마스턴프리미어리츠,KOSPI
HHD,25750,한솔홈데코,KOSPI
KTPR,145270,케이탑리츠,KOSPI
DYA,2880,디와이에이,KOSPI
TGH,84870,TBH글로벌,KOSPI
KELH,6200,한국전자홀딩스,KOSPI
SHEN,2360,SH에너지화학,KOSPI
EHT,19490,엑시큐어하이트론,KOSPI
KRMO,40,KR모터스,KOSPI
GME,17040,광명전기,KOSPI
SINP,2870,신풍,KOSPI
JIP,10640,진양폴리,KOSPI
SDZ,134790,시디즈,KOSPI
SPPP,19175,신풍제약우,KOSPI
META,118000,메타케어,KOSPI
WNL,5820,원림,KOSPI
SEE,14910,성문전자,KOSPI
DWH,24890,대원화성,KOSPI
STG,465770,STX그린로지스,KOSPI
SEGI,2420,세기상사,KOSPI
KIE,9140,경인전자,KOSPI
MET,90370,메타랩스,KOSPI
BID,6740,블루산업개발,KOSPI
ONT,5320,온타이드,KOSPI
PLY,9810,플레이그램,KOSPI
SBGP,4365,세방우,KOSPI
SGR,13000,세우글로벌,KOSPI
MHE,23150,MH에탄올,KOSPI
DATE,1070,대한방직,KOSPI
TWHH,4870,티웨이홀딩스,KOSPI
DOST,2690,동일제강,KOSPI
HXP,14130,한익스프레스,KOSPI
AN,15260,에이엔피,KOSPI
MNM,5360,모나미,KOSPI
UBP,446070,유니드비티플러스,KOSPI
JND,88790,진도,KOSPI
KLNP,2025,코오롱우,KOSPI
WCM,24070,WISCOM,KOSPI
HCP,9460,한창제지,KOSPI
CHS,33250,체시스,KOSPI
HSC,3680,한성기업,KOSPI
SNL,2820,SUN&L,KOSPI
WIS,10400,우진아이엔에스,KOSPI
DLC,6570,대림통상,KOSPI
DWF,30720,동원수산,KOSPI
HMK,69640,한세엠케이,KOSPI
JYT,44380,주연테크,KOSPI
SHLP,8775,호텔신라우,KOSPI
NXTIA,2355,넥센타이어1우B,KOSPI
NSG,4270,남성,KOSPI
ASCE,12170,아센디오,KOSPI
HNCA,5110,한창,KOSPI
HACO,143210,핸즈코퍼레이션,KOSPI
HJKAP,3495,대한항공우,KOSPI
DSP,2210,동성제약,KOSPI
ENX,11090,에넥스,KOSPI
KSG,25890,한국주강,KOSPI
TWI,1420,태원물산,KOSPI
CEN,9310,참엔지니어링,KOSPI
DASPA,1685,대상우,KOSPI
SKSEP,1515,SK증권우,KOSPI
SHDA,1770,SHD,KOSPI
DKOP,19685,대교우B,KOSPI
GRCHB,5257,녹십자홀딩스2우,KOSPI
COAS,71950,코아스,KOSPI
ESTA,15020,이스타코,KOSPI
WILL,8600,윌비스,KOSPI
KGHH,9440,KC그린홀딩스,KOSPI
IJI,8500,일정실업,KOSPI
LGLHP,108675,LX하우시스우,KOSPI
NXNP,5725,넥센우,KOSPI
DFMP,1795,대한제당우,KOSPI
HYSP,1755,한양증권우,KOSPI
VIV,2070,비비안,KOSPI
STARA,204210,스타에스엠리츠,KOSPI
HTJB,87,하이트진로2우B,KOSPI
TAEYP,4105,태양금속우,KOSPI
AREIR,140910,에이리츠,KOSPI
DASHP,84695,대상홀딩스우,KOSPI
KAN,152550,한국ANKOR유전,KOSPI
NPCP,4255,NPC우,KOSPI
KLGP,3075,코오롱글로벌우,KOSPI
SYSP,145995,삼양사우,KOSPI
JWPB,1067,JW중외제약2우B,KOSPI
DWCP,6345,대원전선우,KOSPI
YYPA,225,유유제약1우,KOSPI
DYNA,145210,다이나믹디자인,KOSPI
DKSP,4835,덕성우,KOSPI
GYEP,12205,계양전기우,KOSPI
JWPP,1065,JW중외제약우,KOSPI
SUNP,4985,성신양회우,KOSPI
NRHHP,325,노루홀딩스우,KOSPI
TYCP,9415,태영건설우,KOSPI
NRPP,90355,노루페인트우,KOSPI
HTJHP,145,하이트진로홀딩스우,KOSPI
HKFP,545,흥국화재우,KOSPI
IYPP,7575,일양약품우,KOSPI
DBCP,5965,동부건설우,KOSPI
KACOP,2995,금호건설우,KOSPI
CHHHP,5745,크라운해태홀딩스우,KOSPI
NSAP,8355,남선알미우,KOSPI
GGIP,14285,금강공업우,KOSPI
DWSP,14825,동원시스템즈우,KOSPI
CCNP,4545,깨끗한나라우,KOSPI
YYPB,227,유유제약2우B,KOSPI
JHCP,2785,진흥기업우B,KOSPI
DONP,1525,동양우,KOSPI
SFDP,4415,서울식품우,KOSPI
CJSA,11155,CJ씨푸드1우,KOSPI
SEEP,14915,성문전자우,KOSPI
JHCB,2787,진흥기업2우B,KOSPI
DONB,1527,동양2우B,KOSPI
HWHC,00088K,한화3우B,KOSPI
CJD,00104K,CJ4우(전환),KOSPI
APCHC,00279K,아모레퍼시픽홀딩스3우C,KOSPI
DVLR,0030R0,대신밸류리츠,KOSPI
LOTHP,00499K,롯데지주우,KOSPI
MASB,00680K,미래에셋증권2우B,KOSPI
KCTB,00781K,코리아써키트2우B,KOSPI
DDKA,00806K,대덕1우,KOSPI
SYB,0120G0,삼양바이오팜,KOSPI
SSEPH,0126Z0,삼성에피스홀딩스,KOSPI
SSTP,02826K,삼성물산우B,KOSPI
SKPA,03473K,SK우,KOSPI
HJKP,18064K,한진칼우,KOSPI
CRCP,26490K,크라운제과우,KOSPI
SKCHP,28513K,SK케미칼우,KOSPI
DSFCA,33626K,두산퓨얼셀1우,KOSPI
DSFCB,33626L,두산퓨얼셀2우B,KOSPI
SAMA,33637K,솔루스첨단소재1우,KOSPI
SAMBA,33637L,솔루스첨단소재2우B,KOSPI
DDEA,35320K,대덕전자1우,KOSPI
TYHHP,36328K,티와이홀딩스우,KOSPI
DLEP,37550K,DL이앤씨우,KOSPI
DLEB,37550L,DL이앤씨2우(전환),KOSPI
LXHHA,38380K,LX홀딩스1우,KOSPI
HWGP,45226K,한화갤러리아우,KOSPI
ECP,86520,에코프로,KOSDAQ
EPM,247540,에코프로비엠,KOSDAQ
ALT,196170,알테오젠,KOSDAQ
RBR,277810,레인보우로보틱스,KOSDAQ
SCP,250,삼천당제약,KOSDAQ
RNI,58470,리노공업,KOSDAQ
KLT,950160,코오롱티슈진,KOSDAQ
ABL,298380,에이비엘바이오,KOSDAQ
HLB,28300,HLB,KOSDAQ
RCB,141080,리가켐바이오,KOSDAQ
EOT,39030,이오테크닉스,KOSDAQ
PPT,87010,펩트론,KOSDAQ
WIP,240810,원익IPS,KOSDAQ
JSE,36930,주성엔지니어링,KOSDAQ
VRN,310210,보로노이,KOSDAQ
CRG,214370,케어젠,KOSDAQ
ISC,95340,ISC,KOSDAQ
RBT,108490,로보티즈,KOSDAQ
HPSP,403870,HPSP,KOSDAQ
WRT,32820,우리기술,KOSDAQ
CLS,214150,클래시스,KOSDAQ
PAB,263750,펄어비스,KOSDAQ
SHE,43260,성호전자,KOSDAQ
SLB,357780,솔브레인,KOSDAQ
DDP,347850,디앤디파마텍,KOSDAQ
OLX,226950,올릭스,KOSDAQ
HMMO,319400,현대무벡스,KOSDAQ
PAD,440110,파두,KOSDAQ
HGL,145020,휴젤,KOSDAQ
SMT,222800,심텍,KOSDAQ
TCK,64760,티씨케이,KOSDAQ
SJS,178320,서진시스템,KOSDAQ
PRC,214450,파마리서치,KOSDAQ
DJC,5290,동진쎄미켐,KOSDAQ
EUT,84370,유진테크,KOSDAQ
MAV,100790,미래에셋벤처투자,KOSDAQ
BHI,83650,비에이치아이,KOSDAQ
SIL,257720,실리콘투,KOSDAQ
STP,237690,에스티팜,KOSDAQ
RFH,218410,RFHIC,KOSDAQ
MZN,140410,메지온,KOSDAQ
HNM,67310,하나마이크론,KOSDAQ
SPG,58610,에스피지,KOSDAQ
BRC,82920,비츠로셀,KOSDAQ
ALN,476830,알지노믹스,KOSDAQ
CTH,68760,셀트리온제약,KOSDAQ
PSK,319660,피에스케이,KOSDAQ
PSKH,31980,피에스케이홀딩스,KOSDAQ
DST,131970,두산테스나,KOSDAQ
DHC,10170,대한광통신,KOSDAQ
WNKH,30530,원익홀딩스,KOSDAQ
KYH,98460,고영,KOSDAQ
TSG,323280,태성,KOSDAQ
DJM,78600,대주전자재료,KOSDAQ
JYP,35900,JYP Ent.,KOSDAQ
SPR,347700,스피어,KOSDAQ
SSTE,101490,에스앤에스텍,KOSDAQ
SME,41510,에스엠,KOSDAQ
TCW,89030,테크윙,KOSDAQ
PKS,140860,파크시스템스,KOSDAQ
STI,99320,쎄트렉아이,KOSDAQ
OSC,39200,오스코텍,KOSDAQ
TSI,131290,티에스이,KOSDAQ
TES,95610,테스,KOSDAQ
LSMS,60370,LS마린솔루션,KOSDAQ
SES,458870,씨어스,KOSDAQ
SPC,38500,삼표시멘트,KOSDAQ
ORT,475830,오름테라퓨틱,KOSDAQ
YC,232140,와이씨,KOSDAQ
AIB,27360,아주IB투자,KOSDAQ
LSM,417200,LS머트리얼즈,KOSDAQ
SHN,437730,삼현,KOSDAQ
LKM,281740,레이크머티리얼즈,KOSDAQ
LNC,290650,엘앤씨바이오,KOSDAQ
SDT,65350,신성델타테크,KOSDAQ
JJS,80220,제주반도체,KOSDAQ
CHB,85660,차바이오텍,KOSDAQ
CMC,183300,코미코,KOSDAQ
QBX,445680,큐리옥스바이오시스템즈,KOSDAQ
HRMH,3380,하림지주,KOSDAQ
JSL,127120,제이에스링크,KOSDAQ
ITN,189300,인텔리안테크,KOSDAQ
CMT,388210,씨엠티엑스,KOSDAQ
HKN,195940,HK이노엔,KOSDAQ
RKH,376900,로킷헬스케어,KOSDAQ
HNMA,166090,하나머티리얼즈,KOSDAQ
PNT,137400,피엔티,KOSDAQ
QRT,115180,큐리언트,KOSDAQ
RMD,491000,리브스메드,KOSDAQ
APB,397030,에이프릴바이오,KOSDAQ
HMBI,48410,현대바이오,KOSDAQ
NCL,7390,네이처셀,KOSDAQ
VM,89970,브이엠,KOSDAQ
HRB,90710,휴림로봇,KOSDAQ
SLBH,36830,솔브레인홀딩스,KOSDAQ
DNL,213420,덕산네오룩스,KOSDAQ
CIS,222080,씨아이에스,KOSDAQ
KMW,32500,케이엠더블유,KOSDAQ
SGN,96530,씨젠,KOSDAQ
SFS,36540,SFA반도체,KOSDAQ
HR,160190,하이젠알앤엠,KOSDAQ
GB,456160,지투지바이오,KOSDAQ
CLB,466100,클로봇,KOSDAQ
SMF,490470,세미파이브,KOSDAQ
CJE,35760,CJ ENM,KOSDAQ
POT,161580,필옵틱스,KOSDAQ
GVS,420770,기가비스,KOSDAQ
ENM,348370,엔켐,KOSDAQ
TKW,23160,태광,KOSDAQ
YRL,388720,유일로보틱스,KOSDAQ
SNS,171090,선익시스템,KOSDAQ
SFA,56190,에스에프에이,KOSDAQ
JNT,204270,제이앤티씨,KOSDAQ
DKP,86450,동국제약,KOSDAQ
KKG,293490,카카오게임즈,KOSDAQ
STC,52020,에스티큐브,KOSDAQ
ITG,124500,아이티센글로벌,KOSDAQ
HVM,295310,에이치브이엠,KOSDAQ
SDR,253450,스튜디오드래곤,KOSDAQ
LNT,328130,루닛,KOSDAQ
SB,14620,성광벤드,KOSDAQ
NMS,121600,나노신소재,KOSDAQ
GMX,82270,젬백스,KOSDAQ
YGE,122870,와이지엔터테인먼트,KOSDAQ
VNT,126340,비나텍,KOSDAQ
SLD,50890,쏠리드,KOSDAQ
SHT,365340,성일하이텍,KOSDAQ
MDP,78160,메디포스트,KOSDAQ
OCT,476060,온코닉테라퓨틱스,KOSDAQ
WQC,74600,원익QnC,KOSDAQ
FST,36810,에프에스티,KOSDAQ
APPC,174900,앱클론,KOSDAQ
TYG,44490,태웅,KOSDAQ
GIN,358570,지아이이노베이션,KOSDAQ
DWA,94170,동운아나텍,KOSDAQ
YJR,56080,유진로봇,KOSDAQ
DAD,32190,다우데이타,KOSDAQ
CMK,241710,코스메카코리아,KOSDAQ
SBD,6730,서부T&D,KOSDAQ
KNI,52400,코나아이,KOSDAQ
QRC,372320,큐로셀,KOSDAQ
DSH,33500,동성화인텍,KOSDAQ
RFM,327260,RF머트리얼즈,KOSDAQ
PSM,9520,포스코엠텍,KOSDAQ
TGN,199800,툴젠,KOSDAQ
CBR,278280,천보,KOSDAQ
JRE,33100,제룡전기,KOSDAQ
NME,348340,뉴로메카,KOSDAQ
ENT,102710,이엔에프테크놀로지,KOSDAQ
GST,83450,GST,KOSDAQ
SCS,252990,샘씨엔에스,KOSDAQ
FPR,368770,파이버프로,KOSDAQ
ISYS,214430,아이쓰리시스템,KOSDAQ
PTC,53610,프로텍,KOSDAQ
TLB,356860,티엘비,KOSDAQ
WMD,112040,위메이드,KOSDAQ
NVC,60250,NHN KCP,KOSDAQ
NXT,348210,넥스틴,KOSDAQ
NEX,225570,넥슨게임즈,KOSDAQ
IVL,389470,인벤티지랩,KOSDAQ
GCH,399720,가온칩스,KOSDAQ
NEOS,253590,네오셈,KOSDAQ
DU,376300,디어유,KOSDAQ
MDT,86900,메디톡스,KOSDAQ
PNO,33790,피노,KOSDAQ
IMB,493280,아이엠바이오로직스,KOSDAQ
ADT,200710,에이디테크놀로지,KOSDAQ
TFE,425420,티에프이,KOSDAQ
HMH,460930,현대힘스,KOSDAQ
HUG,84110,휴온스글로벌,KOSDAQ
SUNG,15750,성우하이텍,KOSDAQ
KLS,102940,코오롱생명과학,KOSDAQ
NTA,486990,노타,KOSDAQ
TMC,475960,토모큐브,KOSDAQ
HLI,24850,HLB이노베이션,KOSDAQ
ALB,53800,안랩,KOSDAQ
DHM,77360,덕산하이메탈,KOSDAQ
EPN,383310,에코프로에이치엔,KOSDAQ
IAM,272290,이녹스첨단소재,KOSDAQ
MKO,59090,미코,KOSDAQ
ANT,25980,아난티,KOSDAQ
SOP,67160,SOOP,KOSDAQ
SAMT,31330,에스에이엠티,KOSDAQ
CMP,41960,코미팜,KOSDAQ
WCP,393890,더블유씨피,KOSDAQ
WNT,336570,원텍,KOSDAQ
PTB,187660,페니트리움바이오,KOSDAQ
CFE,42000,카페24,KOSDAQ
HN,107640,한중엔시에스,KOSDAQ
PTN,468530,프로티나,KOSDAQ
QRX,60280,큐렉소,KOSDAQ
WNM,104830,원익머트리얼즈,KOSDAQ
DHE,25900,동화기업,KOSDAQ
NPS,33640,네패스,KOSDAQ
RBS,90360,로보스타,KOSDAQ
MKE,33160,엠케이전자,KOSDAQ
COS,89890,코세스,KOSDAQ
SEO,46890,서울반도체,KOSDAQ
BTN,488900,비츠로넥스텍,KOSDAQ
KPM,448900,한국피아이엠,KOSDAQ
ITC,287840,인투셀,KOSDAQ
HLC,125490,한라캐스트,KOSDAQ
HYN,45100,한양이엔지,KOSDAQ
OIS,138080,오이솔루션,KOSDAQ
ALM,354320,알멕,KOSDAQ
CTN,89010,켐트로닉스,KOSDAQ
DANA,64260,다날,KOSDAQ
SYC,484590,삼양컴텍,KOSDAQ
ISN,99190,아이센스,KOSDAQ
WTI,41190,우리기술투자,KOSDAQ
HLP,47920,HLB제약,KOSDAQ
SNP,25320,시노펙스,KOSDAQ
YST,122640,예스티,KOSDAQ
GNE,119850,지엔씨에너지,KOSDAQ
ST,39440,에스티아이,KOSDAQ
GMC,36620,감성코퍼레이션,KOSDAQ
WMM,101730,위메이드맥스,KOSDAQ
LE,69540,빛과전자,KOSDAQ
SJE,37460,삼지전자,KOSDAQ
IMN,424870,이뮨온시아,KOSDAQ
VTI,18290,브이티,KOSDAQ
WDX,101160,월덱스,KOSDAQ
IFS,211050,인카금융서비스,KOSDAQ
HSI,114810,한솔아이원스,KOSDAQ
PTK,251970,펌텍코리아,KOSDAQ
KAX,93320,케이아이엔엑스,KOSDAQ
HLS,67630,HLB생명과학,KOSDAQ
DKT,290550,디케이티,KOSDAQ
PMT,168360,펨트론,KOSDAQ
DT,317330,덕산테코피아,KOSDAQ
ZUS,79370,제우스,KOSDAQ
NWZ,95660,네오위즈,KOSDAQ
YG,19210,와이지-원,KOSDAQ
SLJ,215600,신라젠,KOSDAQ
HANC,30520,한글과컴퓨터,KOSDAQ
KPI,78130,국일제지,KOSDAQ
OET,394280,오픈엣지테크놀로지,KOSDAQ
NXB,389650,넥스트바이오메디컬,KOSDAQ
UBL,206650,유바이오로직스,KOSDAQ
TL,340570,티앤엘,KOSDAQ
ECM,230360,에코마케팅,KOSDAQ
BPT,6910,보성파워텍,KOSDAQ
HRK,13030,하이록코리아,KOSDAQ
CPF,64820,케이프,KOSDAQ
HMN,36170,에이치엠넥스,KOSDAQ
IHP,101930,인화정공,KOSDAQ
HTK,98070,한텍,KOSDAQ
HBM,42520,한스바이오메드,KOSDAQ
KCR,34950,한국기업평가,KOSDAQ
FMT,441270,파인엠텍,KOSDAQ
PEN,378340,필에너지,KOSDAQ
KIC,25770,한국정보통신,KOSDAQ
OKS,80580,오킨스전자,KOSDAQ
MGE,215200,메가스터디교육,KOSDAQ
PTRN,91700,파트론,KOSDAQ
DXV,180400,DXVX,KOSDAQ
SAF,89980,상아프론테크,KOSDAQ
EXC,92870,엑시콘,KOSDAQ
AST,450950,아스테라시스,KOSDAQ
HYD,78350,한양디지텍,KOSDAQ
SNC,482630,삼양엔씨켐,KOSDAQ
WRO,46970,우리로,KOSDAQ
SELB,308430,셀비온,KOSDAQ
GNT,228760,지노믹트리,KOSDAQ
ANR,455900,엔젤로보틱스,KOSDAQ
BRT,42370,비츠로테크,KOSDAQ
GRP,318060,그래피,KOSDAQ
LTC,170920,엘티씨,KOSDAQ
WBN,69080,웹젠,KOSDAQ
LGA,73490,LIG아큐버,KOSDAQ
JO,418550,제이오,KOSDAQ
TRB,117730,티로보틱스,KOSDAQ
HEM,376270,HEM파마,KOSDAQ
MCR,241770,메카로,KOSDAQ
UTI,179900,유티아이,KOSDAQ
DIT,110990,디아이티,KOSDAQ
NST,478340,나라스페이스테크놀로지,KOSDAQ
LSS,78020,LS증권,KOSDAQ
HCT,234340,헥토파이낸셜,KOSDAQ
CRS,494120,큐리오시스,KOSDAQ
FCH,220100,퓨쳐켐,KOSDAQ
SBT,389500,에스비비테크,KOSDAQ
GWE,114190,강원에너지,KOSDAQ
SURE,298830,슈어소프트테크,KOSDAQ
CU,78340,컴투스,KOSDAQ
DSC,241520,DSC인베스트먼트,KOSDAQ
AMT,52710,아모텍,KOSDAQ
DME,389260,대명에너지,KOSDAQ
GAB,79940,가비아,KOSDAQ
SBM,304360,에스바이오메딕스,KOSDAQ
ITM,84850,아이티엠반도체,KOSDAQ
SID,91580,상신이디피,KOSDAQ
UNT,86390,유니테스트,KOSDAQ
NPA,330860,네패스아크,KOSDAQ
IBD,41830,인바디,KOSDAQ
GRT,900290,GRT,KOSDAQ
CIM,94360,칩스앤미디어,KOSDAQ
GCC,144510,지씨셀,KOSDAQ
PSE,332570,PS일렉트로닉스,KOSDAQ
XGT,356680,엑스게이트,KOSDAQ
HFR,230240,에치에프알,KOSDAQ
SEC,243840,신흥에스이씨,KOSDAQ
OPC,14940,오리엔탈정공,KOSDAQ
KBT,217730,강스템바이오텍,KOSDAQ
HMD,200670,휴메딕스,KOSDAQ
BL,394800,쓰리빌리언,KOSDAQ
ACT,88800,에이스테크,KOSDAQ
HLX,84990,헬릭스미스,KOSDAQ
JTC,36890,진성티이씨,KOSDAQ
ITP,64290,인텍플러스,KOSDAQ
GRS,402490,그린리소스,KOSDAQ
MDN,41920,메디아나,KOSDAQ
CNC,352480,씨앤씨인터내셔널,KOSDAQ
ACB,3800,에이스침대,KOSDAQ
NTS,85910,네오티스,KOSDAQ
SMG,419530,SAMG엔터,KOSDAQ
SUPR,236200,슈프리마,KOSDAQ
BNX,53030,바이넥스,KOSDAQ
DRS,203650,드림시큐리티,KOSDAQ
SVA,108860,셀바스AI,KOSDAQ
CMR,475400,씨메스로보틱스,KOSDAQ
ANTR,65660,안트로젠,KOSDAQ
SEOH,35890,서희건설,KOSDAQ
MLO,58970,엠로,KOSDAQ
ECD,101360,에코앤드림,KOSDAQ
BDN,314930,바이오다인,KOSDAQ
GTF,204620,글로벌텍스프리,KOSDAQ
JTM,389020,자람테크놀로지,KOSDAQ
OBT,46120,오르비텍,KOSDAQ
SHES,416180,신성에스티,KOSDAQ
EZHH,35810,이지홀딩스,KOSDAQ
HANS,452280,한선엔지니어링,KOSDAQ
YBL,338840,와이바이오로직스,KOSDAQ
INS,462350,이노스페이스,KOSDAQ
HRM,136480,하림,KOSDAQ
MKS,93520,매커스,KOSDAQ
UNS,36200,유니셈,KOSDAQ
GMT,94480,갤럭시아머니트리,KOSDAQ
CRL,365270,큐라클,KOSDAQ
APS,265520,AP시스템,KOSDAQ
AFT,200470,에이팩트,KOSDAQ
FGD,64850,에프앤가이드,KOSDAQ
BPL,99430,바이오플러스,KOSDAQ
KBN,200130,콜마비앤에이치,KOSDAQ
JST,49630,재영솔루텍,KOSDAQ
VTC,43150,바텍,KOSDAQ
WJE,65680,우주일렉트로,KOSDAQ
UNIS,18000,유니슨,KOSDAQ
FNT,95500,미래나노텍,KOSDAQ
LKS,474650,링크솔루션,KOSDAQ
AGL,445090,에이직랜드,KOSDAQ
KHV,60720,KH바텍,KOSDAQ
CYME,160980,싸이맥스,KOSDAQ
SMM,12210,삼미금속,KOSDAQ
CJW,51500,CJ프레시웨이,KOSDAQ
KGE,151860,KG에코솔루션,KOSDAQ
IFX,51370,인터플렉스,KOSDAQ
ICT,456010,아이씨티케이,KOSDAQ
KENC,274090,켄코아에어로스페이스,KOSDAQ
ASTR,67390,아스트,KOSDAQ
OT,322310,오로스테크놀로지,KOSDAQ
HIM,92460,한라IMS,KOSDAQ
EUG,23410,유진기업,KOSDAQ
IRT,54210,이랜텍,KOSDAQ
GFZ,215000,골프존,KOSDAQ
CNT,451760,컨텍,KOSDAQ
HUON,243070,휴온스,KOSDAQ
DTI,45390,대아티아이,KOSDAQ
PNG,472850,폰드그룹,KOSDAQ
NPH,92730,네오팜,KOSDAQ
EYE,448280,에코아이,KOSDAQ
INTO,49070,인탑스,KOSDAQ
KGI,35600,KG이니시스,KOSDAQ
KNJ,272110,케이엔제이,KOSDAQ
SLT,304100,솔트룩스,KOSDAQ
SAT,357550,석경에이티,KOSDAQ
HLT,115450,HLB테라퓨틱스,KOSDAQ
KRC,23760,한국캐피탈,KOSDAQ
YMT,251370,와이엠티,KOSDAQ
NYB,138610,나이벡,KOSDAQ
NIC,36800,나이스정보통신,KOSDAQ
KUK,294570,쿠콘,KOSDAQ
JVM,54950,제이브이엠,KOSDAQ
SPS,452430,사피엔반도체,KOSDAQ
SOS,464080,에스오에스랩,KOSDAQ
UBQH,78070,유비쿼스홀딩스,KOSDAQ
DYE,108380,대양전기공업,KOSDAQ
MDD,226590,엠디바이스,KOSDAQ
GNC,361390,제노코,KOSDAQ
SMC,99440,스맥,KOSDAQ
LBS,61970,LB세미콘,KOSDAQ
NWR,459510,나우로보틱스,KOSDAQ
DVS,194480,데브시스터즈,KOSDAQ
YSF,372170,윤성에프앤씨,KOSDAQ
NPP,144960,뉴파워프라즈마,KOSDAQ
SGA,255220,SG,KOSDAQ
MCT,98120,마이크로컨텍솔,KOSDAQ
LOV,83310,엘오티베큠,KOSDAQ
HVS,126700,하이비젼시스템,KOSDAQ
BIS,86820,바이오솔루션,KOSDAQ
BIA,64550,바이오니아,KOSDAQ
QTS,432720,퀄리타스반도체,KOSDAQ
KI,53300,한국정보인증,KOSDAQ
IJP,94820,일진파워,KOSDAQ
DHP,67080,대화제약,KOSDAQ
BFC,382900,범한퓨얼셀,KOSDAQ
MBE,12860,모베이스전자,KOSDAQ
KAC,17890,한국알콜,KOSDAQ
JUST,417840,저스템,KOSDAQ
MRS,254490,미래반도체,KOSDAQ
DNF,92070,디엔에프,KOSDAQ
KBC,256840,한국비엔씨,KOSDAQ
MDI,267980,매일유업,KOSDAQ
SAMM,18310,삼목에스폼,KOSDAQ
NOVA,194700,노바렉스,KOSDAQ
INT,469610,이노테크,KOSDAQ
PHA,43370,피에이치에이,KOSDAQ
TMB,321550,티움바이오,KOSDAQ
DAEW,5710,대원산업,KOSDAQ
NMG,190510,나무가,KOSDAQ
TZN,462860,더즌,KOSDAQ
LUM,474170,루미르,KOSDAQ
IC,309710,아이티켐,KOSDAQ
JETE,216080,제테마,KOSDAQ
VNO,338220,뷰노,KOSDAQ
HGO,24060,흥구석유,KOSDAQ
NKG,182400,엔케이젠바이오텍코리아,KOSDAQ
TIIE,425040,티이엠씨,KOSDAQ
TGE,219130,타이거일렉,KOSDAQ
QR,405100,큐알티,KOSDAQ
CMG,58820,CMG제약,KOSDAQ
DWD,13120,동원개발,KOSDAQ
AS,211270,AP위성,KOSDAQ
TXR,484810,티엑스알로보틱스,KOSDAQ
CT,402030,코난테크놀로지,KOSDAQ
KNR,199430,케이엔알시스템,KOSDAQ
EZB,353810,이지바이오,KOSDAQ
GNX,95700,제넥신,KOSDAQ
AUB,481070,에이유브랜즈,KOSDAQ
GCW,234690,녹십자웰빙,KOSDAQ
GP,388050,지투파워,KOSDAQ
DCB,176750,듀켐바이오,KOSDAQ
BTM,206640,바디텍메드,KOSDAQ
NRF,380550,뉴로핏,KOSDAQ
VDT,121800,비덴트,KOSDAQ
HNT,299030,하나기술,KOSDAQ
BGE,126600,BGF에코머티리얼즈,KOSDAQ
SRX,42600,새로닉스,KOSDAQ
WBS,289930,웨이비스,KOSDAQ
WNA,377460,위니아에이드,KOSDAQ
JEL,199820,제일일렉트릭,KOSDAQ
PII,452450,피아이이,KOSDAQ
HI,214180,헥토이노베이션,KOSDAQ
HAES,34810,해성산업,KOSDAQ
PPN,371950,풍원정밀,KOSDAQ
UB,221800,유투바이오,KOSDAQ
VWK,100120,뷰웍스,KOSDAQ
DYN,79960,동양이엔피,KOSDAQ
JAM,51980,중앙첨단소재,KOSDAQ
TRV,950250,테라뷰,KOSDAQ
VNG,19010,베뉴지,KOSDAQ
KTA,36030,케이티알파,KOSDAQ
NTM,417010,나노팀,KOSDAQ
WET,457550,우진엔텍,KOSDAQ
TPF,403850,더핑크퐁컴퍼니,KOSDAQ
TBS,51360,토비스,KOSDAQ
POL,41020,폴라리스오피스,KOSDAQ
HBT,78150,HB테크놀러지,KOSDAQ
SHO,65710,서호전기,KOSDAQ
NVT,285490,노바텍,KOSDAQ
DVC,187870,디바이스,KOSDAQ
LCM,394420,리센스메디컬,KOSDAQ
YCC,112290,와이씨켐,KOSDAQ
GSE,382800,지앤비에스 에코,KOSDAQ
ABC,83930,아바코,KOSDAQ
DNS,484120,도우인시스,KOSDAQ
IGL,950140,잉글우드랩,KOSDAQ
SENA,61090,세나테크놀로지,KOSDAQ
AVN,203400,에이비온,KOSDAQ
KZP,36560,KZ정밀,KOSDAQ
SVI,289080,SV인베스트먼트,KOSDAQ
GPS,36190,금화피에스시,KOSDAQ
GENI,123330,제닉,KOSDAQ
DIO,39840,디오,KOSDAQ
ABS,102120,어보브반도체,KOSDAQ
NIB,293580,나우IB,KOSDAQ
IRO,119610,인터로조,KOSDAQ
RFS,474610,RF시스템즈,KOSDAQ
DDS,68930,디지털대성,KOSDAQ
KCS,115500,케이씨에스,KOSDAQ
CSB,297090,씨에스베어링,KOSDAQ
CLIO,237880,클리오,KOSDAQ
EVB,270660,에브리봇,KOSDAQ
NRB,475230,엔알비,KOSDAQ
UBQ,264450,유비쿼스,KOSDAQ
ATN,158430,아톤,KOSDAQ
MPL,259630,엠플러스,KOSDAQ
MTR,118990,모트렉스,KOSDAQ
TKC,104480,티케이케미칼,KOSDAQ
IL,307180,아이엘,KOSDAQ
IFB,115310,인포바인,KOSDAQ
RNT,418420,라온텍,KOSDAQ
GCM,32620,GC메디아이,KOSDAQ
MT,80160,모두투어,KOSDAQ
DN,39560,다산네트웍스,KOSDAQ
JT,950170,JTC,KOSDAQ
ICM,461300,아이스크림미디어,KOSDAQ
MIT,179290,엠아이텍,KOSDAQ
RSA,140670,알에스오토메이션,KOSDAQ
AMS,357580,아모센스,KOSDAQ
GFZH,121440,골프존홀딩스,KOSDAQ
WTF,439090,마녀공장,KOSDAQ
GENO,314130,지놈앤컴퍼니,KOSDAQ
CM,56090,시지메드텍,KOSDAQ
HTF,106190,하이텍팜,KOSDAQ
ANP,123860,아나패스,KOSDAQ
RRB,232680,라온로보틱스,KOSDAQ
TLC,54450,텔레칩스,KOSDAQ
SWO,458650,성우,KOSDAQ
LKC,489500,엘케이켐,KOSDAQ
AGT,125210,아모그린텍,KOSDAQ
TCM,125020,티씨머티리얼즈,KOSDAQ
GUP,307750,국전약품,KOSDAQ
BCN,146320,비씨엔씨,KOSDAQ
NNT,267320,나인테크,KOSDAQ
OPTI,380540,옵티코어,KOSDAQ
RFN,377450,리파인,KOSDAQ
CGH,264660,씨앤지하이테크,KOSDAQ
INE,60150,인선이엔티,KOSDAQ
SEBO,11560,세보엠이씨,KOSDAQ
KSP,73010,케이에스피,KOSDAQ
SMTH,36710,심텍홀딩스,KOSDAQ
SW,488280,에스투더블유,KOSDAQ
WSL,122990,와이솔,KOSDAQ
KGF,46440,KG파이낸셜,KOSDAQ
SEB,92190,서울바이오시스,KOSDAQ
NET,39860,나노엔텍,KOSDAQ
APTA,293780,압타바이오,KOSDAQ
CTT,220260,켐트로스,KOSDAQ
COME,49430,코메론,KOSDAQ
PLG,47310,파워로직스,KOSDAQ
CTS,355150,코스텍시스,KOSDAQ
CTK,52330,코텍,KOSDAQ
FLT,300080,플리토,KOSDAQ
IA,86890,이수앱지스,KOSDAQ
NOMU,473980,노머스,KOSDAQ
KFT,123410,코리아에프티,KOSDAQ
ACTR,290740,액트로,KOSDAQ
VPZ,82800,비보존 제약,KOSDAQ
IDS,143160,아이디스,KOSDAQ
WYC,101970,우양에이치씨,KOSDAQ
PBL,334970,프레스티지바이오로직스,KOSDAQ
GIR,49080,기가레인,KOSDAQ
SWST,365330,에스와이스틸텍,KOSDAQ
DAG,8830,대동기어,KOSDAQ
SKA,357880,SKAI,KOSDAQ
PRT,445180,퓨릿,KOSDAQ
ALX,475580,에이럭스,KOSDAQ
GNS,389030,지니너스,KOSDAQ
SBC,107600,새빗켐,KOSDAQ
ABK,149950,아바텍,KOSDAQ
CWT,282880,코윈테크,KOSDAQ
ITK,119830,아이텍,KOSDAQ
WPE,217820,원익피앤이,KOSDAQ
PHAS,37070,파세코,KOSDAQ
WPT,101170,우림피티에스,KOSDAQ
WNK,32940,원익,KOSDAQ
ILS,333430,일승,KOSDAQ
HMF,16790,현대사료,KOSDAQ
NWZH,42420,네오위즈홀딩스,KOSDAQ
SI,48870,시너지이노베이션,KOSDAQ
SDE,37350,성도이엔지,KOSDAQ
LYC,388790,라이콤,KOSDAQ
SBX,86980,쇼박스,KOSDAQ
EC,92130,이크레더블,KOSDAQ
DKI,5160,동국산업,KOSDAQ
IRS,264850,이랜시스,KOSDAQ
NMT,242040,나무기술,KOSDAQ
GCG,340450,지씨지놈,KOSDAQ
HWC,54920,한컴위드,KOSDAQ
SLX,290690,소룩스,KOSDAQ
SRM,143240,사람인,KOSDAQ
MACR,38290,마크로젠,KOSDAQ
DMS,68790,DMS,KOSDAQ
DO,88130,동아엘텍,KOSDAQ
KIPS,256940,킵스파마,KOSDAQ
PXB,323990,박셀바이오,KOSDAQ
NPT,217270,넵튠,KOSDAQ
ONM,192410,오늘이엔엠,KOSDAQ
RCT,38390,레드캡투어,KOSDAQ
PSTE,2230,피에스텍,KOSDAQ
IFAM,114840,아이패밀리에스씨,KOSDAQ
LST,322180,LS티라유텍,KOSDAQ
JYC,67000,조이시티,KOSDAQ
CDC,47770,코데즈컴바인,KOSDAQ
NNO,187790,나노,KOSDAQ
COCH,126730,코칩,KOSDAQ
NURI,40160,누리플렉스,KOSDAQ
TISS,204610,티쓰리,KOSDAQ
SYM,54540,삼영엠텍,KOSDAQ
TPM,360070,탑머티리얼,KOSDAQ
EST,47560,이스트소프트,KOSDAQ
SGH,148150,세경하이테크,KOSDAQ
GDW,453450,그리드위즈,KOSDAQ
GGP,282720,금양그린파워,KOSDAQ
ENC,456070,이엔셀,KOSDAQ
DAP,23910,대한약품,KOSDAQ
JLK,322510,제이엘케이,KOSDAQ
FT,83500,에프엔에스테크,KOSDAQ
OPT,131030,옵투스제약,KOSDAQ
CYN,234030,싸이닉솔루션,KOSDAQ
MEDP,235980,메드팩토,KOSDAQ
SPIG,192440,슈피겐코리아,KOSDAQ
YJL,209640,와이제이링크,KOSDAQ
MCP,67280,멀티캠퍼스,KOSDAQ
HANP,408470,한패스,KOSDAQ
GBD,66620,국보디자인,KOSDAQ
TPT,108230,톱텍,KOSDAQ
KAM,62970,한국첨단소재,KOSDAQ
KYUN,11040,경동제약,KOSDAQ
POWE,37030,파워넷,KOSDAQ
LKB,156100,엘앤케이바이오,KOSDAQ
SD,260970,에스앤디,KOSDAQ
STEC,69510,에스텍,KOSDAQ
FGR,163730,핑거,KOSDAQ
CSM,166480,코아스템켐온,KOSDAQ
KRM,93640,케이알엠,KOSDAQ
KNS,53080,케이엔솔,KOSDAQ
AGB,13990,아가방컴퍼니,KOSDAQ
NE,396270,넥스트칩,KOSDAQ
BGT,65450,빅텍,KOSDAQ
GPD,33340,좋은사람들,KOSDAQ
AI,79810,APS이노베이션,KOSDAQ
HBL,452190,한빛레이저,KOSDAQ
DHT,129920,대성하이텍,KOSDAQ
ATI,21080,에이티넘인베스트,KOSDAQ
HME,41440,현대에버다임,KOSDAQ
CBE,182360,큐브엔터,KOSDAQ
YTN,40300,YTN,KOSDAQ
LK,225190,LK삼양,KOSDAQ
ARB,138360,앤로보틱스,KOSDAQ
NFX,85670,뉴프렉스,KOSDAQ
HBS,297890,HB솔루션,KOSDAQ
IHC,71200,인피니트헬스케어,KOSDAQ
WONJ,382840,원준,KOSDAQ
BSB,7330,푸른저축은행,KOSDAQ
SHPR,95190,신화프리텍,KOSDAQ
NCI,63570,NICE인프라,KOSDAQ
SEMY,17510,세명전기,KOSDAQ
SAMB,23600,삼보판지,KOSDAQ
MDC,80420,모다이노칩,KOSDAQ
JSTE,90470,제이스텍,KOSDAQ
BST,66410,버킷스튜디오,KOSDAQ
AUC,331740,아우토크립트,KOSDAQ
KDC,46070,코다코,KOSDAQ
JRI,147830,제룡산업,KOSDAQ
MGT,446540,메가터치,KOSDAQ
DPF,104460,디와이피엔에프,KOSDAQ
MOBI,250060,모비스,KOSDAQ
IDSH,54800,아이디스홀딩스,KOSDAQ
MGS,72870,메가스터디,KOSDAQ
KCCO,21320,KCC건설,KOSDAQ
BMT,86670,비엠티,KOSDAQ
TRT,336680,탑런토탈솔루션,KOSDAQ
WRN,115440,우리넷,KOSDAQ
HF,5860,한일사료,KOSDAQ
SPSO,443670,에스피소프트,KOSDAQ
SA,53700,삼보모터스,KOSDAQ
MSA,123040,엠에스오토텍,KOSDAQ
JAI,417500,제이아이테크,KOSDAQ
OGS,476040,오가노이드사이언스,KOSDAQ
FS,27710,팜스토리,KOSDAQ
SVW,321370,센서뷰,KOSDAQ
YT,24800,유성티엔에스,KOSDAQ
GIS,306620,지아이에스,KOSDAQ
VGC,308080,바이젠셀,KOSDAQ
DRT,214680,디알텍,KOSDAQ
BSL,93190,빅솔론,KOSDAQ
WST,136540,윈스테크넷,KOSDAQ
YAS,255440,야스,KOSDAQ
CBT,49960,쎌바이오텍,KOSDAQ
EP,38110,에코플라스틱,KOSDAQ
CPS,413630,씨피시스템,KOSDAQ
DNC,263720,디앤씨미디어,KOSDAQ
KNW,105330,케이엔더블유,KOSDAQ
CAS,45970,코아시아,KOSDAQ
ANIP,310200,애니플러스,KOSDAQ
MAEH,5990,매일홀딩스,KOSDAQ
HMZ,90850,현대이지웰,KOSDAQ
RSC,42510,라온시큐어,KOSDAQ
DBP,6620,동구바이오제약,KOSDAQ
DBM,240550,동방메디컬,KOSDAQ
TR,246710,티앤알바이오팹,KOSDAQ
WZN,96250,와이즈넛,KOSDAQ
GFI,493330,지에프아이,KOSDAQ
KCI,49720,고려신용정보,KOSDAQ
QMD,464490,쿼드메디슨,KOSDAQ
WNI,136150,원일티엔아이,KOSDAQ
VTR,141000,비아트론,KOSDAQ
ROBO,215100,로보로보,KOSDAQ
GEN,263860,지니언스,KOSDAQ
MES,408920,메쎄이상,KOSDAQ
WEL,95270,웨이브일렉트로,KOSDAQ
DOC,25950,동신건설,KOSDAQ
SYD,109610,에스와이,KOSDAQ
RST,131370,알서포트,KOSDAQ
CKY,307930,컴퍼니케이,KOSDAQ
OAM,52420,오성첨단소재,KOSDAQ
CLX,331920,셀레믹스,KOSDAQ
MRC,49950,미래컴퍼니,KOSDAQ
KX,122450,KX,KOSDAQ
AUR,39830,오로라,KOSDAQ
RCS,71280,로체시스템즈,KOSDAQ
ABE,36010,아비코전자,KOSDAQ
RY,228670,레이,KOSDAQ
OST,226400,오스테오닉,KOSDAQ
SKW,3100,선광,KOSDAQ
DOS,100130,동국S&C,KOSDAQ
QSI,66310,큐에스아이,KOSDAQ
AP,54620,APS,KOSDAQ
ELC,41520,이엘씨,KOSDAQ
EXM,205100,엑셈,KOSDAQ
GDT,35080,그래디언트,KOSDAQ
KTN,89600,KT나스미디어,KOSDAQ
AJX,59120,아진엑스텍,KOSDAQ
LBI,309960,LB인베스트먼트,KOSDAQ
OSH,36220,오상헬스케어,KOSDAQ
GWM,29480,광무,KOSDAQ
XPR,317770,엑스페릭스,KOSDAQ
YNT,67900,와이엔텍,KOSDAQ
TEM,89230,THE E&M,KOSDAQ
HBI,225530,HC보광산업,KOSDAQ
JEN,440,중앙에너비스,KOSDAQ
AML,74430,아미노로직스,KOSDAQ
SYSW,269620,시스웍,KOSDAQ
DM,67990,도이치모터스,KOSDAQ
NWA,463020,뉴엔AI,KOSDAQ
FNM,290720,푸드나무,KOSDAQ
INO,88390,이녹스,KOSDAQ
AMC,92040,아미코젠,KOSDAQ
AB,950130,엑세스바이오,KOSDAQ
AJI,13310,아진산업,KOSDAQ
CUH,63080,컴투스홀딩스,KOSDAQ
NWB,54050,농우바이오,KOSDAQ
JXM,337930,젝시믹스,KOSDAQ
GGW,366030,공구우먼,KOSDAQ
DJS,3310,대주산업,KOSDAQ
POON,23900,풍국주정,KOSDAQ
HMBL,52260,현대바이오랜드,KOSDAQ
SAO,63170,서울옥션,KOSDAQ
PP,389140,포바이포,KOSDAQ
UIL,49520,유아이엘,KOSDAQ
CBM,47820,초록뱀미디어,KOSDAQ
KN,432470,케이엔에스,KOSDAQ
KPH,32300,한국파마,KOSDAQ
HAF,24740,한일단조,KOSDAQ
DSK,109740,디에스케이,KOSDAQ
WBC,53580,웹케시,KOSDAQ
AC,117670,알파칩스,KOSDAQ
SEM,100700,세운메디칼,KOSDAQ
BVJ,489460,바이오비쥬,KOSDAQ
COMM,36690,코맥스,KOSDAQ
MS,9780,엠에스씨,KOSDAQ
GNG,78890,가온그룹,KOSDAQ
WTH,330350,위더스제약,KOSDAQ
HNH,44990,에이치엔에스하이텍,KOSDAQ
SSEK,81180,쎄크,KOSDAQ
NFC,265740,엔에프씨,KOSDAQ
WAT,396470,워트,KOSDAQ
HYL,101670,하이드로리튬,KOSDAQ
COT,448710,코츠테크놀로지,KOSDAQ
IVK,339950,아이비김영,KOSDAQ
SANG,38540,상상인,KOSDAQ
SEON,86710,선진뷰티사이언스,KOSDAQ
DCS,223250,드림씨아이에스,KOSDAQ
EAM,131400,이브이첨단소재,KOSDAQ
BFD,251120,바이오에프디엔씨,KOSDAQ
IBO,48530,인트론바이오,KOSDAQ
PURE,370090,퓨런티어,KOSDAQ
SDL,411080,샌즈랩,KOSDAQ
PIB,388870,파로스아이바이오,KOSDAQ
MBM,59210,메타바이오메드,KOSDAQ
MDL,417970,모델솔루션,KOSDAQ
WSF,73560,우리손에프앤지,KOSDAQ
GRB,381620,제닉스로보틱스,KOSDAQ
SNM,294630,서남,KOSDAQ
ECT,99750,이지케어텍,KOSDAQ
MOT,413390,엠오티,KOSDAQ
MCD,305090,마이크로디지탈,KOSDAQ
SRS,424960,스마트레이더시스템,KOSDAQ
IMT,451220,아이엠티,KOSDAQ
MAI,377480,마음AI,KOSDAQ
HTFE,18120,진로발효,KOSDAQ
SEAH,396300,세아메카닉스,KOSDAQ
TGC,26150,특수건설,KOSDAQ
KTM,418470,KT밀리의서재,KOSDAQ
MERC,100590,머큐리,KOSDAQ
LGN,33290,로젠,KOSDAQ
RNG,42500,링네트,KOSDAQ
FLK,41590,플래스크,KOSDAQ
GSO,51160,지어소프트,KOSDAQ
DBL,78140,대봉엘에스,KOSDAQ
UT,142210,유니트론텍,KOSDAQ
GGS,53260,금강철강,KOSDAQ
SBV,330730,스톤브릿지벤처스,KOSDAQ
KPF,24880,케이피에프,KOSDAQ
CRV,96240,크레버스,KOSDAQ
TS,277880,티에스아이,KOSDAQ
MBS,101330,모베이스,KOSDAQ
NEKS,205500,넥써쓰,KOSDAQ
SJT,36630,세종텔레콤,KOSDAQ
MDS,86960,MDS테크,KOSDAQ
TNTH,298540,더네이쳐홀딩스,KOSDAQ
SRC,14970,삼륭물산,KOSDAQ
SELV,208370,셀바스헬스케어,KOSDAQ
YJI,30960,양지사,KOSDAQ
BM,439580,블루엠텍,KOSDAQ
AL,172670,에이엘티,KOSDAQ
ET,91120,이엠텍,KOSDAQ
CDG,362320,청담글로벌,KOSDAQ
OBE,49480,오픈베이스,KOSDAQ
HB,278650,HLB바이오스텝,KOSDAQ
TET,66700,테라젠이텍스,KOSDAQ
SCC,48550,SM C&C,KOSDAQ
GEL,311320,지오엘리먼트,KOSDAQ
JW,67290,JW신약,KOSDAQ
ICD,40910,아이씨디,KOSDAQ
BSM,38460,바이오스마트,KOSDAQ
SPSY,317830,에스피시스템스,KOSDAQ
YM,273640,와이엠텍,KOSDAQ
GHOS,950190,고스트스튜디오,KOSDAQ
DAEC,96350,대창솔루션,KOSDAQ
GIT,382480,지아이텍,KOSDAQ
LBG,84650,랩지노믹스,KOSDAQ
SHNA,11370,서한,KOSDAQ
KET,39340,한국경제TV,KOSDAQ
DLS,303810,동국생명과학,KOSDAQ
OPS,173130,오파스넷,KOSDAQ
MTO,201490,미투온,KOSDAQ
CTG,217330,싸이토젠,KOSDAQ
QURA,348080,큐라티스,KOSDAQ
JCC,137950,제이씨케미칼,KOSDAQ
DKL,105740,디케이락,KOSDAQ
DPN,315640,딥노이드,KOSDAQ
PRB,460940,피앤에스로보틱스,KOSDAQ
HRN,149980,하이로닉,KOSDAQ
PLA,39980,폴라리스AI,KOSDAQ
HAB,59270,해성에어로보틱스,KOSDAQ
EDF,105550,엣지파운드리,KOSDAQ
SGE,419050,삼기에너지솔루션즈,KOSDAQ
ALCH,347860,알체라,KOSDAQ
ADF,238090,앤디포스,KOSDAQ
HPO,357230,에이치피오,KOSDAQ
OCC,382150,온코크로스,KOSDAQ
YHT,265560,영화테크,KOSDAQ
TGS,191420,테고사이언스,KOSDAQ
ANK,1540,안국약품,KOSDAQ
MXS,7820,엠엑스로보틱스,KOSDAQ
PJE,6140,피제이전자,KOSDAQ
DAH,41930,동아화성,KOSDAQ
TWL,124560,태웅로직스,KOSDAQ
BSE,72950,빛샘전자,KOSDAQ
DAEB,290670,대보마그네틱,KOSDAQ
LCT,171120,라이온켐텍,KOSDAQ
IRN,65440,이루온,KOSDAQ
HCC,60560,HC홈센타,KOSDAQ
CJB,311690,CJ 바이오사이언스,KOSDAQ
SGT,20710,시공테크,KOSDAQ
ASP,159010,아스플로,KOSDAQ
WDT,348350,위드텍,KOSDAQ
HUMA,205470,휴마시스,KOSDAQ
SAP,9300,삼아제약,KOSDAQ
WBL,65530,와이어블,KOSDAQ
SZN,253840,수젠텍,KOSDAQ
LCL,412350,레이저쎌,KOSDAQ
ILT,19540,일지테크,KOSDAQ
HSV,39610,화성밸브,KOSDAQ
DNP,54670,대한뉴팜,KOSDAQ
GBL,348150,고바이오랩,KOSDAQ
HLHP,46210,HLB파나진,KOSDAQ
SMOT,66590,스모트로닉,KOSDAQ
IMBD,461030,아이엠비디엑스,KOSDAQ
STM,352090,스톰테크,KOSDAQ
APR,262260,에이프로,KOSDAQ
KTGM,43610,KT지니뮤직,KOSDAQ
SOLB,35610,솔본,KOSDAQ
RYC,228850,레이언스,KOSDAQ
CGI,83790,CG인바이츠,KOSDAQ
SPH,94840,슈프리마에이치큐,KOSDAQ
DAEJ,120240,대정화금,KOSDAQ
WSI,299170,더블유에스아이,KOSDAQ
DIGI,33130,디지틀조선,KOSDAQ
MGM,58630,엠게임,KOSDAQ
MXO,347890,엠엑스온,KOSDAQ
II,33230,인성정보,KOSDAQ
ESTR,234300,에스트래픽,KOSDAQ
CLD,299660,셀리드,KOSDAQ
SBI,19550,SBI인베스트먼트,KOSDAQ
JHS,33320,제이씨현시스템,KOSDAQ
KNN,58400,KNN,KOSDAQ
UBI,82850,우리바이오,KOSDAQ
HUM,175140,휴먼테크놀로지,KOSDAQ
ASTA,246720,아스타,KOSDAQ
LDC,12700,리드코프,KOSDAQ
UWD,46940,우원개발,KOSDAQ
SGSO,184230,SGA솔루션즈,KOSDAQ
MTL,463480,모티브링크,KOSDAQ
CHE,4650,창해에탄올,KOSDAQ
CCS,66790,씨씨에스,KOSDAQ
UTC,241690,유니테크노,KOSDAQ
VT,251630,브이원텍,KOSDAQ
DMC,60570,드림어스컴퍼니,KOSDAQ
YRT,48430,유라테크,KOSDAQ
DAWO,68240,다원시스,KOSDAQ
CMB,222040,코스맥스엔비티,KOSDAQ
AIAE,52860,아이앤씨,KOSDAQ
SEOW,93920,서원인텍,KOSDAQ
ASTE,453860,에이에스텍,KOSDAQ
DWE,263600,덕우전자,KOSDAQ
WNX,44340,위닉스,KOSDAQ
REME,302550,리메드,KOSDAQ
SN,38680,에스넷,KOSDAQ
KOV,56360,코위버,KOSDAQ
NAO,212560,네오오토,KOSDAQ
RVC,443250,레뷰코퍼레이션,KOSDAQ
HANU,91440,한울소재과학,KOSDAQ
THIN,84730,팅크웨어,KOSDAQ
DWM,48910,대원미디어,KOSDAQ
SAPH,14950,삼익제약,KOSDAQ
KOW,25550,한국선재,KOSDAQ
GE,217190,제너셈,KOSDAQ
DNX,323350,다원넥스뷰,KOSDAQ
JJ,40420,정상제이엘에스,KOSDAQ
HLGE,187420,HLB제넥스,KOSDAQ
CTB,60590,씨티씨바이오,KOSDAQ
KOR,54040,한국컴퓨터,KOSDAQ
PAP,41910,폴라리스AI파마,KOSDAQ
CVI,261780,차백신연구소,KOSDAQ
HDHT,39010,현대에이치티,KOSDAQ
KSI,192250,케이사인,KOSDAQ
KBM,24840,KBI메탈,KOSDAQ
SEWO,24830,세원물산,KOSDAQ
NVK,67570,엔브이에이치코리아,KOSDAQ
DSM,104040,디에스엠,KOSDAQ
CVK,72020,중앙백신,KOSDAQ
FSN,214270,FSN,KOSDAQ
ATS,71670,에이테크솔루션,KOSDAQ
JKG,126880,제이엔케이글로벌,KOSDAQ
SGCE,16250,SGC E&C,KOSDAQ
COSE,360350,코셈,KOSDAQ
CFC,110790,크리스에프앤씨,KOSDAQ
HUBI,65510,휴비츠,KOSDAQ
KAU,102370,케이옥션,KOSDAQ
KON,391710,코닉오토메이션,KOSDAQ
SONI,88280,쏘닉스,KOSDAQ
OP,109080,옵티시스,KOSDAQ
PIA,451250,삐아,KOSDAQ
ARC,203690,아크솔루션스,KOSDAQ
SHS,2800,신신제약,KOSDAQ
SU,67370,선바이오,KOSDAQ
SGO,140070,서플러스글로벌,KOSDAQ
HMIN,170030,현대공업,KOSDAQ
PINT,131760,파인텍,KOSDAQ
BTC,32850,비트컴퓨터,KOSDAQ
BYI,478560,블랙야크아이앤씨,KOSDAQ
ENER,19990,에너토크,KOSDAQ
CRM,900250,크리스탈신소재,KOSDAQ
DVI,27830,대성창투,KOSDAQ
SDN,99220,SDN,KOSDAQ
ARN,163280,에어레인,KOSDAQ
SENC,347000,센코,KOSDAQ
PJM,128660,피제이메탈,KOSDAQ
NDB,130580,나이스디앤비,KOSDAQ
DTS,263800,데이타솔루션,KOSDAQ
LMN,294140,레몬,KOSDAQ
INCR,216050,인크로스,KOSDAQ
NUL,376930,노을,KOSDAQ
YES,53280,예스24,KOSDAQ
TFL,81150,티플랙스,KOSDAQ
INX,452400,이닉스,KOSDAQ
UNQ,11320,유니크,KOSDAQ
ETK,227950,엔투텍,KOSDAQ
HRS,36640,HRS,KOSDAQ
WZT,36090,위지트,KOSDAQ
RPS,214260,라파스,KOSDAQ
NIT,950220,네오이뮨텍,KOSDAQ
BBG,14470,부방,KOSDAQ
MTN,424980,마이크로투나노,KOSDAQ
PLK,64800,포니링크,KOSDAQ
BLT,94940,푸른기술,KOSDAQ
MBL,207760,미스터블루,KOSDAQ
WIT,459100,위츠,KOSDAQ
HEER,37440,희림,KOSDAQ
AIT,45660,에이텍,KOSDAQ
ASM,136410,아셈스,KOSDAQ
INI,215790,이노인스트루먼트,KOSDAQ
GRE,142280,녹십자엠에스,KOSDAQ
RSL,217500,러셀,KOSDAQ
KXT,52900,KX하이텍,KOSDAQ
URI,215360,우리산업,KOSDAQ
NI,111710,남화산업,KOSDAQ
UBIV,89850,유비벨록스,KOSDAQ
CHR,378800,샤페론,KOSDAQ
CLM,49180,셀루메드,KOSDAQ
ECL,183490,엔지켐생명과학,KOSDAQ
DABO,340360,다보링크,KOSDAQ
WPL,123420,위메이드플레이,KOSDAQ
IST,212710,아이에스티이,KOSDAQ
JDW,208140,정다운,KOSDAQ
KEYS,475430,키스트론,KOSDAQ
EGS,261520,이지스,KOSDAQ
NED,168330,내츄럴엔도텍,KOSDAQ
ART,321820,아티스트컴퍼니,KOSDAQ
PANG,222110,팬젠,KOSDAQ
KOE,41460,한국전자인증,KOSDAQ
DLP,17650,대림제지,KOSDAQ
TMCN,241790,티이엠씨씨엔에스,KOSDAQ
NPN,104620,노랑풍선,KOSDAQ
GLP,204840,지엘팜텍,KOSDAQ
IQR,175250,아이큐어,KOSDAQ
HAC,66980,한성크린텍,KOSDAQ
SCN,53450,세코닉스,KOSDAQ
JMS,412540,제일엠앤에스,KOSDAQ
ECS,435570,에르코스,KOSDAQ
STEA,458350,에스팀,KOSDAQ
SMR,408900,스튜디오미르,KOSDAQ
TOP,134580,탑코미디어,KOSDAQ
TJM,32540,TJ미디어,KOSDAQ
QTM,317690,퀀타매트릭스,KOSDAQ
EGNH,39020,이건홀딩스,KOSDAQ
INM,302430,이노메트리,KOSDAQ
SENI,37760,쎄니트,KOSDAQ
YUSH,54930,유신,KOSDAQ
OPTA,153710,옵티팜,KOSDAQ
RFT,61040,알에프텍,KOSDAQ
NPX,222160,NPX,KOSDAQ
ZTS,159580,제로투세븐,KOSDAQ
TSIN,246690,TS인베스트먼트,KOSDAQ
HWP,61250,화일약품,KOSDAQ
JIES,53050,지에스이,KOSDAQ
BTP,49470,비트플래닛,KOSDAQ
HSO,76610,해성옵틱스,KOSDAQ
DMO,317850,대모,KOSDAQ
JSN,446840,지슨,KOSDAQ
KF,4590,한국가구,KOSDAQ
SCB,24950,삼천리자전거,KOSDAQ
SIGN,33170,시그네틱스,KOSDAQ
SRG,43710,서울리거,KOSDAQ
GYEO,39240,경남스틸,KOSDAQ
CJT,94850,참좋은여행,KOSDAQ
NFT,290660,네오펙트,KOSDAQ
YMC,155650,와이엠씨,KOSDAQ
SHST,162300,신스틸,KOSDAQ
SSIT,260930,씨티케이,KOSDAQ
NBR,145170,노브랜드,KOSDAQ
PIC,321260,프로이천,KOSDAQ
GSD,43650,국순당,KOSDAQ
TRN,417790,트루엔,KOSDAQ
STB,226330,신테카바이오,KOSDAQ
ENB,317870,엔바이오니아,KOSDAQ
AEC,127710,아시아경제,KOSDAQ
FNC,127980,화인써키트,KOSDAQ
SJC,42940,상지건설,KOSDAQ
IGLO,67920,이글루,KOSDAQ
SIP,12790,신일제약,KOSDAQ
KYU,24910,경창산업,KOSDAQ
MN,33310,엠투엔,KOSDAQ
BN,307870,비투엔,KOSDAQ
SCSC,246960,SCL사이언스,KOSDAQ
INIT,53350,이니텍,KOSDAQ
WE,479960,위너스일렉,KOSDAQ
KPK,37230,한국팩키지,KOSDAQ
RWL,900260,로스웰,KOSDAQ
DOMA,99410,동방선기,KOSDAQ
KRN,27050,코리아나,KOSDAQ
IT,10280,아이티센엔텍,KOSDAQ
PSW,234100,폴라리스세원,KOSDAQ
SJ,306040,에스제이그룹,KOSDAQ
SAMH,17480,삼현철강,KOSDAQ
IRB,66430,아이로보틱스,KOSDAQ
YRD,36000,예림당,KOSDAQ
XXA,60310,3S,KOSDAQ
FAI,331380,포커스에이아이,KOSDAQ
CENO,222420,쎄노텍,KOSDAQ
IMBC,52220,iMBC,KOSDAQ
URIH,72470,우리산업홀딩스,KOSDAQ
SOMA,950200,소마젠,KOSDAQ
WWS,299900,위지윅스튜디오,KOSDAQ
ORC,10470,오리콤,KOSDAQ
GCL,198440,강동씨앤엘,KOSDAQ
PNK,347740,피엔케이피부임상연구센타,KOSDAQ
HKM,457370,한켐,KOSDAQ
ORIE,65500,오리엔트정공,KOSDAQ
DY,219550,디와이디,KOSDAQ
SMCG,460870,에스엠씨지,KOSDAQ
SCD,42110,에스씨디,KOSDAQ
OPTR,82210,옵트론텍,KOSDAQ
CARR,317530,캐리소프트,KOSDAQ
TMS,393210,토마토시스템,KOSDAQ
CRT,104540,코렌텍,KOSDAQ
XPL,373200,엑스플러스,KOSDAQ
SEI,36120,서울평가정보,KOSDAQ
SGGA,40610,SG&G,KOSDAQ
HCIT,72990,에이치시티,KOSDAQ
NBL,153460,네이블,KOSDAQ
CL,189330,씨이랩,KOSDAQ
ZGL,234920,자이글,KOSDAQ
GIAN,289220,자이언트스텝,KOSDAQ
IB,68330,일신바이오,KOSDAQ
CSG,40350,크레오에스지,KOSDAQ
DXT,206560,덱스터,KOSDAQ
ALTE,459550,알트,KOSDAQ
KOCO,15710,코콤,KOSDAQ
SAK,36670,삼양케이씨아이,KOSDAQ
MOB,87260,모바일어플라이언스,KOSDAQ
SEN,95910,에스에너지,KOSDAQ
PIL,170790,파이오링크,KOSDAQ
SFC,288620,에스퓨얼셀,KOSDAQ
KLNE,39420,케이엘넷,KOSDAQ
CBH,318160,셀바이오휴먼텍,KOSDAQ
IN,80010,이상네트웍스,KOSDAQ
ID,332370,아이디피,KOSDAQ
HOME,64240,홈캐스트,KOSDAQ
XQR,70300,엑스큐어,KOSDAQ
TSC,73640,테라사이언스,KOSDAQ
NSY,333620,엔시스,KOSDAQ
FDW,5670,푸드웰,KOSDAQ
ITCE,232830,아이티센피엔에스,KOSDAQ
DAY,373160,데이원컴퍼니,KOSDAQ
HLPE,196300,HLB펩,KOSDAQ
LRO,199550,레이저옵텍,KOSDAQ
PE,256630,포인트엔지니어링,KOSDAQ
APT,291650,압타머사이언스,KOSDAQ
HK,10240,흥국,KOSDAQ
SL,63440,SM Life Design,KOSDAQ
JINY,7370,진양제약,KOSDAQ
IND,37330,인지디스플레,KOSDAQ
DIM,109860,동일금속,KOSDAQ
GNL,122310,제노레이,KOSDAQ
PHT,239890,피엔에이치테크,KOSDAQ
OBG,352910,오비고,KOSDAQ
CAP,198080,캐프,KOSDAQ
ACTO,52790,액토즈소프트,KOSDAQ
SIT,50960,수산아이앤티,KOSDAQ
PANS,54300,팬스타엔터프라이즈,KOSDAQ
HYUN,92300,현우산업,KOSDAQ
LUME,38060,루멘스,KOSDAQ
FBR,218150,미래생명자원,KOSDAQ
EJT,419080,엔젯,KOSDAQ
BLP,65170,비엘팜텍,KOSDAQ
GYT,53270,구영테크,KOSDAQ
INK,49550,잉크테크,KOSDAQ
KCTA,89150,케이씨티,KOSDAQ
HFB,189980,흥국에프엔비,KOSDAQ
EUC,88340,유라클,KOSDAQ
MNT,452200,민테크,KOSDAQ
CPT,452300,캡스톤파트너스,KOSDAQ
ALOG,177900,쓰리에이로직스,KOSDAQ
ESC,96630,에스코넥,KOSDAQ
JTY,89790,제이티,KOSDAQ
KUM,407400,꿈비,KOSDAQ
DFT,88910,동우팜투테이블,KOSDAQ
ISE,351330,이삭엔지니어링,KOSDAQ
DRP,4780,대륙제관,KOSDAQ
HAT,78590,휴림에이텍,KOSDAQ
SOL,215090,솔디펜스,KOSDAQ
DIAL,263690,디알젬,KOSDAQ
IGN,185490,아이진,KOSDAQ
GT,35460,기산텔레콤,KOSDAQ
WNC,14190,원익큐브,KOSDAQ
PROT,303360,프로티아,KOSDAQ
YDS,143540,영우디에스피,KOSDAQ
ALS,297570,알로이스,KOSDAQ
FE,173940,에프엔씨엔터,KOSDAQ
DENT,261200,덴티스,KOSDAQ
CS,384470,코어라인소프트,KOSDAQ
OTK,67170,오텍,KOSDAQ
INJI,100030,인지소프트,KOSDAQ
JNB,452160,제이엔비,KOSDAQ
PLD,237820,플레이디,KOSDAQ
BIM,413640,비아이매트릭스,KOSDAQ
EWC,1840,이화공영,KOSDAQ
WNP,8370,원풍,KOSDAQ
WPK,97800,윈팩,KOSDAQ
DPC,90410,덕신이피씨,KOSDAQ
JMT,94970,제이엠티,KOSDAQ
HDP,365590,하이딥,KOSDAQ
TBC,33830,티비씨,KOSDAQ
CHER,66360,체리부로,KOSDAQ
LA,277070,린드먼아시아,KOSDAQ
BLC,33560,블루콤,KOSDAQ
OZL,53980,오상자이엘,KOSDAQ
EPLP,294090,이오플로우,KOSDAQ
NN,137080,나래나노텍,KOSDAQ
TAE,53620,태양,KOSDAQ
TLS,45340,토탈소프트,KOSDAQ
INSP,465480,인스피언,KOSDAQ
HAAS,450330,하스,KOSDAQ
GLS,114450,그린생명과학,KOSDAQ
PTA,46310,백금T&A,KOSDAQ
SERI,340440,세림B&G,KOSDAQ
DWNA,7680,대원,KOSDAQ
ARTI,200350,아티스트스튜디오,KOSDAQ
ALD,238120,얼라인드,KOSDAQ
JTN,38010,제일테크노스,KOSDAQ
BWE,369370,블리츠웨이엔터테인먼트,KOSDAQ
GNP,53950,경남제약,KOSDAQ
SAND,419120,산돌,KOSDAQ
SYNA,466410,사이냅소프트,KOSDAQ
ELCO,37950,엘컴텍,KOSDAQ
HSK,430690,한싹,KOSDAQ
ICF,52460,아이크래프트,KOSDAQ
SAMG,122350,삼기,KOSDAQ
STHH,223310,사토시홀딩스,KOSDAQ
CELL,471820,셀로맥스사이언스,KOSDAQ
SRB,38070,서린바이오,KOSDAQ
AIK,364950,에이아이코리아,KOSDAQ
PSU,150900,파수,KOSDAQ
NCM,311390,네오크레마,KOSDAQ
NVB,104200,NHN벅스,KOSDAQ
UDF,403490,우듬지팜,KOSDAQ
MLV,72770,멤레이비티,KOSDAQ
HBIN,440290,HB인베스트먼트,KOSDAQ
DGI,99520,DGI,KOSDAQ
KEY,54780,키이스트,KOSDAQ
LGS,219420,링크제니시스,KOSDAQ
PSB,105760,포스뱅크,KOSDAQ
WKS,79000,와토스코리아,KOSDAQ
EDG,245620,EDGC,KOSDAQ
RBW,361570,알비더블유,KOSDAQ
HTS,66130,하츠,KOSDAQ
MHZ,6920,모헨즈,KOSDAQ
POS,189690,포시에스,KOSDAQ
MOAT,33200,모아텍,KOSDAQ
NAT,43910,자연과환경,KOSDAQ
SAE,122690,서진오토모티브,KOSDAQ
CAC,196450,코아시아씨엠,KOSDAQ
CNTH,352700,씨앤투스,KOSDAQ
KBTB,219750,한국비티비,KOSDAQ
YLB,432430,와이랩,KOSDAQ
WAIE,7530,와이엠,KOSDAQ
PRE,53160,프리엠스,KOSDAQ
SEOA,100660,서암기계공업,KOSDAQ
CRW,355390,크라우드웍스,KOSDAQ
XXB,476080,M83,KOSDAQ
PAT,33540,파라텍,KOSDAQ
KAIS,190650,코리아에셋투자증권,KOSDAQ
SHII,56700,신화인터텍,KOSDAQ
HAZ,221840,하이즈항공,KOSDAQ
YET,340930,유일에너테크,KOSDAQ
WZB,273060,와이즈버즈,KOSDAQ
HWPR,126640,화신정공,KOSDAQ
GFS,388610,지에프씨생명과학,KOSDAQ
ALLI,260660,알리코제약,KOSDAQ
NUB,332290,누보,KOSDAQ
TPC,48770,TPC로보틱스,KOSDAQ
NMD,51490,나라엠앤디,KOSDAQ
ABT,179530,애드바이오텍,KOSDAQ
HYOB,97870,효성오앤비,KOSDAQ
SDBI,217480,에스디생명공학,KOSDAQ
WJB,215380,우정바이오,KOSDAQ
RPB,314140,알피바이오,KOSDAQ
LMT,171010,램테크놀러지,KOSDAQ
QCP,16600,큐캐피탈,KOSDAQ
JNS,45510,정원엔시스,KOSDAQ
SUE,81580,성우전자,KOSDAQ
TCE,13720,THE CUBE&,KOSDAQ
FINE,106240,파인테크닉스,KOSDAQ
TPE,65130,탑엔지니어링,KOSDAQ
BRID,64480,브리지텍,KOSDAQ
GQR,229000,젠큐릭스,KOSDAQ
WBG,307280,원바이오젠,KOSDAQ
RT,148250,알엔투테크놀로지,KOSDAQ
DITI,66670,디티씨,KOSDAQ
ML,434480,모니터랩,KOSDAQ
SEOJ,189860,서전기전,KOSDAQ
TRM,32860,더라미,KOSDAQ
OMS,57540,옴니시스템,KOSDAQ
DONM,32960,동일기연,KOSDAQ
YSL,60850,영림원소프트랩,KOSDAQ
BWG,199480,뱅크웨어글로벌,KOSDAQ
CALU,258610,케일럼,KOSDAQ
IBT,460470,아이빔테크놀로지,KOSDAQ
POME,119500,포메탈,KOSDAQ
BORA,250000,보라티알,KOSDAQ
OBZ,417860,오브젠,KOSDAQ
ENTE,69410,엔텔스,KOSDAQ
WYN,103840,우양,KOSDAQ
FRT,73540,에프알텍,KOSDAQ
BTX,86040,바이오톡스텍,KOSDAQ
NEW,160550,NEW,KOSDAQ
MDA,288980,모아데이타,KOSDAQ
ASTO,241840,에이스토리,KOSDAQ
TWM,290090,트윔,KOSDAQ
RNP,300120,라온피플,KOSDAQ
SPL,444530,심플랫폼,KOSDAQ
RS,96610,알에프세미,KOSDAQ
CARE,263700,케어랩스,KOSDAQ
SAEL,263810,상신전자,KOSDAQ
RNTX,123010,알엔티엑스,KOSDAQ
LMS,73110,엘엠에스,KOSDAQ
GPL,186230,그린플러스,KOSDAQ
SPCBH,466910,엔에이치스팩30호,KOSDAQ
LTF,73570,리튬포어스,KOSDAQ
HASE,320000,한울반도체,KOSDAQ
ESSE,43340,에쎈테크,KOSDAQ
ABKO,129890,앱코,KOSDAQ
EVC,97780,에코볼트,KOSDAQ
ECC,128540,에코캡,KOSDAQ
PB,335810,프리시젼바이오,KOSDAQ
AIEI,38880,아이에이,KOSDAQ
IRD,464500,아이언디바이스,KOSDAQ
EGL,44960,이글벳,KOSDAQ
DJA,393970,대진첨단소재,KOSDAQ
JES,26040,제이에스티나,KOSDAQ
KCF,25880,케이씨피드,KOSDAQ
CUT,376290,씨유테크,KOSDAQ
SIC,2290,삼일기업공사,KOSDAQ
YW,51390,YW,KOSDAQ
PCG,376180,피코그램,KOSDAQ
NAMH,91590,남화토건,KOSDAQ
ATM,224110,에이텍모빌리티,KOSDAQ
PXP,87600,픽셀플러스,KOSDAQ
ODT,80520,오디텍,KOSDAQ
UST,263770,유에스티,KOSDAQ
BCW,200780,비씨월드제약,KOSDAQ
DAES,20180,대신정보통신,KOSDAQ
ILW,178780,일월지엠엘,KOSDAQ
SOFT,258790,소프트캠프,KOSDAQ
JS,363250,진시스템,KOSDAQ
IWV,450520,인스웨이브,KOSDAQ
EV,31310,아이즈비전,KOSDAQ
HAEN,220180,핸디소프트,KOSDAQ
JK,420570,제이투케이바이오,KOSDAQ
SEOY,19770,서연탑메탈,KOSDAQ
MBD,363260,모비데이즈,KOSDAQ
EG,37370,EG,KOSDAQ
SHTE,1000,신라섬유,KOSDAQ
GYM,6050,국영지앤엠,KOSDAQ
CSN,82660,코스나인,KOSDAQ
PAMT,271830,팸텍,KOSDAQ
YBM,57030,YBM넷,KOSDAQ
WVS,336060,웨이버스,KOSDAQ
SECU,418250,시큐레터,KOSDAQ
HNTA,52600,한네트,KOSDAQ
SOG,66910,손오공,KOSDAQ
TDP,464280,티디에스팜,KOSDAQ
CATI,140430,카티스,KOSDAQ
DAST,140520,대창스틸,KOSDAQ
JHH,23440,제이스코홀딩스,KOSDAQ
MI,58110,멕아이씨에스,KOSDAQ
MC,373170,엠아이큐브솔루션,KOSDAQ
DIMO,16670,디모아,KOSDAQ
WOOR,153490,우리이앤엘,KOSDAQ
UBM,203450,유니온바이오메트릭스,KOSDAQ
WLC,65950,웰크론,KOSDAQ
TKA,22220,티케이지애강,KOSDAQ
KM,83550,케이엠,KOSDAQ
EGB,354200,엔젠바이오,KOSDAQ
CNR,359090,씨엔알리서치,KOSDAQ
SEUN,49830,승일,KOSDAQ
FEN,68050,팬엔터테인먼트,KOSDAQ
CCI,351870,차이커뮤니케이션,KOSDAQ
IVW,469750,아이비젼웍스,KOSDAQ
MTB,475460,미트박스,KOSDAQ
PHOT,208710,포톤,KOSDAQ
ASEA,50860,아세아텍,KOSDAQ
CCB,101240,씨큐브,KOSDAQ
KBA,24120,KB오토시스,KOSDAQ
DASA,208860,다산디엠씨,KOSDAQ
TRF,200230,텔콘RF제약,KOSDAQ
EMN,123570,이엠넷,KOSDAQ
BNR,206400,베노티앤알,KOSDAQ
HACL,256150,한독크린텍,KOSDAQ
KOPH,14570,고려제약,KOSDAQ
CDY,80530,코디,KOSDAQ
NSAM,286750,나노실리칸첨단소재,KOSDAQ
HYP,65650,하이퍼코퍼레이션,KOSDAQ
INSA,277410,인산가,KOSDAQ
TST,317240,TS트릴리온,KOSDAQ
SPCBA,451700,엔에이치스팩29호,KOSDAQ
MFG,195500,마니커에프앤지,KOSDAQ
RMT,462510,라메디텍,KOSDAQ
APTE,270520,앱튼,KOSDAQ
PTE,290560,파라택시스이더리움,KOSDAQ
IGEN,462980,아이지넷,KOSDAQ
CYO,356890,싸이버원,KOSDAQ
JVS,254120,자비스,KOSDAQ
DCRO,383930,디티앤씨알오,KOSDAQ
INFO,39290,인포뱅크,KOSDAQ
HLSC,239610,에이치엘사이언스,KOSDAQ
TSCI,57680,티사이언티픽,KOSDAQ
DGR,75970,동국알앤에스,KOSDAQ
PK,288330,파라택시스코리아,KOSDAQ
SCM,475660,에스켐,KOSDAQ
SPEC,13810,스페코,KOSDAQ
TCL,64520,테크엘,KOSDAQ
DKD,263020,디케이앤디,KOSDAQ
INNO,296640,이노에이엑스,KOSDAQ
PTM,318020,포인트모바일,KOSDAQ
ES,38870,에코심플렉스,KOSDAQ
MGD,133750,메가엠디,KOSDAQ
JMX,109820,진매트릭스,KOSDAQ
KGA,455180,케이지에이,KOSDAQ
SNW,46390,삼화네트웍스,KOSDAQ
DAW,25440,DH오토웨어,KOSDAQ
DHL,290120,DH오토리드,KOSDAQ
TNE,131100,티엔엔터테인먼트,KOSDAQ
IWN,90150,아이윈,KOSDAQ
NEXA,351320,넥사다이내믹스,KOSDAQ
PRU,43200,파루,KOSDAQ
GRIT,204020,그리티,KOSDAQ
HUNE,290270,휴네시온,KOSDAQ
VLK,424760,벨로크,KOSDAQ
SONO,7720,소노스퀘어,KOSDAQ
KD,221980,케이디켐,KOSDAQ
HIMS,238490,힘스,KOSDAQ
ECOGP,159910,에코글로우,KOSDAQ
MASO,21880,메이슨캐피탈,KOSDAQ
JBT,86060,진바이오텍,KOSDAQ
SGHE,398120,에스지헬스케어,KOSDAQ
PM,147760,피엠티,KOSDAQ
PLU,114630,폴라리스우노,KOSDAQ
MGEN,32790,엠젠솔루션,KOSDAQ
NTR,270870,뉴트리,KOSDAQ
FFS,35200,프럼파스트,KOSDAQ
PMS,347770,핌스,KOSDAQ
CGT,429270,시지트로닉스,KOSDAQ
OGN,45060,오공,KOSDAQ
WISE,65370,위세아이텍,KOSDAQ
EAD,239340,이스트에이드,KOSDAQ
SLS,298060,에스씨엠생명과학,KOSDAQ
PNTM,257370,피엔티엠에스,KOSDAQ
ESCU,50120,ES큐브,KOSDAQ
ABP,195990,에이비프로바이오,KOSDAQ
DYF,228340,동양파일,KOSDAQ
KBG,318000,KBG,KOSDAQ
PLT,75130,플랜티넷,KOSDAQ
LNX,317120,라닉스,KOSDAQ
BBC,318410,비비씨,KOSDAQ
PMD,387570,파인메딕스,KOSDAQ
SNA,340810,시선AI,KOSDAQ
MBN,169330,엠브레인,KOSDAQ
WS,12620,원일특강,KOSDAQ
BQA,148780,비큐AI,KOSDAQ
ICB,64090,인크레더블버즈,KOSDAQ
SPCBB,452980,신한제11호스팩,KOSDAQ
JWC,309930,조이웍스앤코,KOSDAQ
MSP,1810,무림SP,KOSDAQ
AON,353590,오토앤,KOSDAQ
DML,464580,닷밀,KOSDAQ
KQC,21650,한국큐빅,KOSDAQ
HU,263920,휴엠앤씨,KOSDAQ
ICOM,59100,아이컴포넌트,KOSDAQ
SHCO,187270,신화콘텍,KOSDAQ
SEEL,27040,서울전자통신,KOSDAQ
FDX,32580,피델릭스,KOSDAQ
MLP,142760,모아라이프플러스,KOSDAQ
SHIC,17000,신원종합개발,KOSDAQ
SGB,27580,상보,KOSDAQ
FBN,177830,파버나인,KOSDAQ
DTCA,187220,디티앤씨,KOSDAQ
BRAI,99390,브레인즈컴퍼니,KOSDAQ
GHM,130500,GH신소재,KOSDAQ
WZC,38620,위즈코프,KOSDAQ
CN,56730,CNT85,KOSDAQ
YLC,146060,율촌,KOSDAQ
WLT,376980,원티드랩,KOSDAQ
IQT,262840,아이퀘스트,KOSDAQ
NEL,53290,NE능률,KOSDAQ
CNS,210120,캔버스엔,KOSDAQ
AFW,312610,에이에프더블류,KOSDAQ
JENO,225220,제놀루션,KOSDAQ
INN,274400,이노시뮬레이션,KOSDAQ
OA,342870,오아,KOSDAQ
NP,291230,엔피,KOSDAQ
NKO,462310,뉴키즈온,KOSDAQ
CAST,71850,캐스텍코리아,KOSDAQ
INOD,303530,이노뎁,KOSDAQ
DYC,310870,디와이씨,KOSDAQ
FBY,377220,프롬바이오,KOSDAQ
ESEU,60540,에스에이티,KOSDAQ
JYNA,285800,진영,KOSDAQ
VERN,438700,버넥트,KOSDAQ
OTC,900300,오가닉티코스메틱,KOSDAQ
OPN,440320,오픈놀,KOSDAQ
DAT,196490,디에이테크놀로지,KOSDAQ
JMI,33050,제이엠아이,KOSDAQ
PDC,49120,파인디앤씨,KOSDAQ
APPT,109960,앱토크롬,KOSDAQ
DHSA,131220,대한과학,KOSDAQ
KAIN,284620,카이노스메드,KOSDAQ
KBL,38530,케이바이오랩스,KOSDAQ
BLN,44480,빌리언스,KOSDAQ
NRO,94860,네오리진,KOSDAQ
SDG,290520,신도기연,KOSDAQ
PLUT,19570,플루토스,KOSDAQ
PDI,38950,파인디지털,KOSDAQ
SLG,68940,셀피글로벌,KOSDAQ
DIEI,66900,디에이피,KOSDAQ
NWN,123840,뉴온,KOSDAQ
UTL,263050,유틸렉스,KOSDAQ
PCD,51380,피씨디렉트,KOSDAQ
VBC,301300,바이브컴퍼니,KOSDAQ
HCI,79170,한창산업,KOSDAQ
PLAT,367000,플래티어,KOSDAQ
KIB,431190,케이쓰리아이,KOSDAQ
LOGI,67730,로지시스,KOSDAQ
INOT,333050,이노테나,KOSDAQ
AMR,900100,애머릿지,KOSDAQ
WGF,335870,윙스풋,KOSDAQ
NBT,236810,엔비티,KOSDAQ
GENE,303030,지니틱스,KOSDAQ
DSL,23790,동일스틸럭스,KOSDAQ
PNP,24940,PN풍년,KOSDAQ
NRC,405920,나라셀라,KOSDAQ
IRM,9730,이렘,KOSDAQ
NRK,89140,넥스턴앤롤코리아,KOSDAQ
ADFO,397810,애드포러스,KOSDAQ
GLOB,900070,글로벌에스엠,KOSDAQ
WIF,900340,윙입푸드,KOSDAQ
SEP,18680,서울제약,KOSDAQ
SEHW,252500,세화피앤씨,KOSDAQ
BUST,8470,부스타,KOSDAQ
DDSA,48470,대동스틸,KOSDAQ
SAMJ,54090,삼진엘앤디,KOSDAQ
SUT,45300,성우테크론,KOSDAQ
BRS,54220,비츠로시스,KOSDAQ
HYTC,148930,에이치와이티씨,KOSDAQ
CLR,900310,컬러레이,KOSDAQ
KWD,68100,케이웨더,KOSDAQ
SHSM,138070,신진에스엠,KOSDAQ
GLB,19660,글로본,KOSDAQ
HANB,47080,한빛소프트,KOSDAQ
CST,109670,씨싸이트,KOSDAQ
CUM,115480,씨유메디칼,KOSDAQ
ELP,63760,이엘피,KOSDAQ
SIKY,131090,시큐브,KOSDAQ
SMJ,32750,삼진,KOSDAQ
YKS,191410,육일씨엔에쓰,KOSDAQ
PPL,304840,피플바이오,KOSDAQ
KOIN,39740,한국정보공학,KOSDAQ
CMS,50110,캠시스,KOSDAQ
NPL,69140,누리플랜,KOSDAQ
IMAG,115610,이미지스,KOSDAQ
MFC,432980,엠에프씨,KOSDAQ
SKP,91340,S&K폴리텍,KOSDAQ
SEJO,258830,세종메디칼,KOSDAQ
ETR,377330,이지트로닉스,KOSDAQ
AR,96690,에이루트,KOSDAQ
HMX,115160,휴맥스,KOSDAQ
KSIN,101000,KS인더스트리,KOSDAQ
WEBS,196700,웹스,KOSDAQ
PCT,237750,피앤씨테크,KOSDAQ
SOME,208640,썸에이지,KOSDAQ
LCS,16100,리더스코스메틱,KOSDAQ
SALT,328380,솔트웨어,KOSDAQ
SLBI,246250,에스엘에스바이오,KOSDAQ
CSH,65770,CS,KOSDAQ
SEJU,39310,세중,KOSDAQ
PLAS,405000,플라즈맵,KOSDAQ
SCA,80470,성창오토텍,KOSDAQ
INCO,83640,인콘,KOSDAQ
ICH,368600,아이씨에이치,KOSDAQ
EICH,44780,에이치케이,KOSDAQ
KOM,222980,한국맥널티,KOSDAQ
JOAH,34940,조아제약,KOSDAQ
KMS,139670,키네마스터,KOSDAQ
PVS,318010,팜스빌,KOSDAQ
OSST,31510,오스템,KOSDAQ
NCT,91970,나노캠텍,KOSDAQ
WHT,76080,웰크론한텍,KOSDAQ
ALTO,123750,알톤,KOSDAQ
EASH,900110,이스트아시아홀딩스,KOSDAQ
DOES,60380,동양에스텍,KOSDAQ
ITE,372800,아이티아이즈,KOSDAQ
KPT,42040,케이피엠테크,KOSDAQ
ESE,103230,에스앤더블류,KOSDAQ
RTC,85810,알티캐스트,KOSDAQ
AZW,32080,아즈텍WB,KOSDAQ
MDG,279600,미디어젠,KOSDAQ
LNK,193250,링크드,KOSDAQ
TCD,224060,더코디,KOSDAQ
BCT,457600,벡트,KOSDAQ
CA,16920,카스,KOSDAQ
OCW,52300,오션인더블유,KOSDAQ
BIOP,188040,바이오포트,KOSDAQ
FGS,417180,핑거스토리,KOSDAQ
DAM,36480,대성미생물,KOSDAQ
WEN,37400,우리엔터프라이즈,KOSDAQ
EXT,373110,엑셀세라퓨틱스,KOSDAQ
BTS,406820,뷰티스킨,KOSDAQ
HANJ,198940,한주라이트메탈,KOSDAQ
DMI,362990,드림인사이트,KOSDAQ
XXC,418620,E8,KOSDAQ
HACH,7770,한일화학,KOSDAQ
ENS,101400,엔시트론,KOSDAQ
JIRA,208350,지란지교시큐리티,KOSDAQ
AA,60900,에이전트AI,KOSDAQ
DLY,131180,딜리,KOSDAQ
AF,227610,아우딘퓨쳐스,KOSDAQ
INTI,70590,인티큐브,KOSDAQ
TSN,43220,티에스넥스젠,KOSDAQ
PLW,23770,플레이위드,KOSDAQ
SOF,32680,소프트센,KOSDAQ
PGN,93380,풍강,KOSDAQ
DIG,197140,디지캡,KOSDAQ
JKS,60230,제이케이시냅스,KOSDAQ
BRL,267790,배럴,KOSDAQ
HENG,900270,헝셩그룹,KOSDAQ
SUNS,217620,선샤인푸드,KOSDAQ
BITM,377030,비트맥스,KOSDAQ
SPCBE,464680,KB제27호스팩,KOSDAQ
VLP,331520,밸로프,KOSDAQ
SSN,79650,서산,KOSDAQ
DASP,21040,대호특수강,KOSDAQ
ISSI,67010,이씨에스,KOSDAQ
BON,226340,본느,KOSDAQ
EMI,83470,이엠앤아이,KOSDAQ
KOPR,101680,한국정밀기계,KOSDAQ
SOE,78860,스테이지원엔터,KOSDAQ
EXA,54940,엑사이엔씨,KOSDAQ
INBI,352940,인바이오,KOSDAQ
ATOM,355690,에이텀,KOSDAQ
NCA,92600,앤씨앤,KOSDAQ
STAR,115570,스타플렉스,KOSDAQ
HURU,353190,휴럼,KOSDAQ
CNP,115530,씨엔플러스,KOSDAQ
MBR,348030,모비릭스,KOSDAQ
TG,130740,티피씨글로벌,KOSDAQ
YUJI,240600,유진테크놀로지,KOSDAQ
HYU,308100,형지글로벌,KOSDAQ
ASD,154030,아시아종묘,KOSDAQ
FPL,225590,패션플랫폼,KOSDAQ
BFL,139050,BF랩스,KOSDAQ
BIFI,238200,비피도,KOSDAQ
STUD,415380,스튜디오삼익,KOSDAQ
DGN,113810,디젠스,KOSDAQ
PTL,291810,핀텔,KOSDAQ
VC,365900,브이씨,KOSDAQ
DGE,43360,디지아이,KOSDAQ
SMIA,32280,삼일,KOSDAQ
HTP,2680,한탑,KOSDAQ
DFB,65150,대산F&B,KOSDAQ
UBN,84440,유비온,KOSDAQ
IM,17250,인터엠,KOSDAQ
UDT,389680,유디엠텍,KOSDAQ
CLEA,45520,크린앤사이언스,KOSDAQ
ICE,289010,아이스크림에듀,KOSDAQ
NANO,247660,나노씨엠에스,KOSDAQ
WH,192390,윈하이텍,KOSDAQ
SPT,50760,에스폴리텍,KOSDAQ
NPK,48830,엔피케이,KOSDAQ
SDO,53060,세동,KOSDAQ
KU,80720,한국유니온제약,KOSDAQ
JBP,110020,전진바이오팜,KOSDAQ
TK,215480,토박스코리아,KOSDAQ
VIEW,230980,비유테크놀러지,KOSDAQ
WB,18620,우진비앤지,KOSDAQ
ESTI,98660,에스티오,KOSDAQ
DASO,154040,다산솔루에타,KOSDAQ
VSL,177350,베셀,KOSDAQ
SSR,275630,에스에스알,KOSDAQ
CPK,322780,코퍼스코리아,KOSDAQ
KPTU,54410,케이피티유,KOSDAQ
SIR,65420,에스아이리소스,KOSDAQ
SDSY,121890,에스디시스템,KOSDAQ
EFT,134060,이퓨쳐,KOSDAQ
NXI,137940,넥스트아이,KOSDAQ
SUSE,84180,수성웹툰,KOSDAQ
MEDI,14100,메디앙스,KOSDAQ
LDT,96870,엘디티,KOSDAQ
BIF,199730,바이오인프라,KOSDAQ
GUKI,60480,국일신동,KOSDAQ
EWON,88290,이원컴포텍,KOSDAQ
BSN,18700,바른손,KOSDAQ
PARK,65690,파커스,KOSDAQ
NEWB,60260,뉴보텍,KOSDAQ
ING,344860,이노진,KOSDAQ
RLS,214610,롤링스톤,KOSDAQ
SEJI,67770,세진티에스,KOSDAQ
VST,419540,비스토스,KOSDAQ
DDM,20400,대동금속,KOSDAQ
CURH,51780,큐로홀딩스,KOSDAQ
HIC,11080,형지I&C,KOSDAQ
WELL,43590,웰킵스하이텍,KOSDAQ
BION,32980,바이온,KOSDAQ
GOLD,35290,골드앤에스,KOSDAQ
SHSG,25870,신라에스지,KOSDAQ
BEA,35620,바른손이앤에이,KOSDAQ
SAMS,361670,삼영에스앤씨,KOSDAQ
HMXH,28080,휴맥스홀딩스,KOSDAQ
UID,69330,유아이디,KOSDAQ
WPM,8290,원풍물산,KOSDAQ
YESU,250930,예선테크,KOSDAQ
HJW,276730,한울앤제주,KOSDAQ
INVE,79950,인베니아,KOSDAQ
PCL,241820,피씨엘,KOSDAQ
SPCBZ,477380,미래에셋비전스팩4호,KOSDAQ
SPCCI,482680,미래에셋비전스팩7호,KOSDAQ
OSP,368970,오에스피,KOSDAQ
NEIN,12340,뉴인텍,KOSDAQ
DUB,73190,듀오백,KOSDAQ
SAI,9620,삼보산업,KOSDAQ
AXG,69920,엑시온그룹,KOSDAQ
CC,83660,CSA 코스믹,KOSDAQ
GJI,26910,광진실업,KOSDAQ
NM,106520,노블엠앤비,KOSDAQ
FTG,32800,판타지오,KOSDAQ
BKHH,50090,비케이홀딩스,KOSDAQ
DGF,30350,드래곤플라이,KOSDAQ
SPCBL,469880,하나30호스팩,KOSDAQ
SPCBY,477340,에이치엠씨제7호스팩,KOSDAQ
PIT,227100,프로브잇,KOSDAQ
CXI,900120,씨엑스아이,KOSDAQ
KOIZ,121850,코이즈,KOSDAQ
KMP,225430,케이엠제약,KOSDAQ
SPCBR,473050,유안타제15호스팩,KOSDAQ
SNG,188260,세니젠,KOSDAQ
SPCCE,478440,미래에셋비전스팩6호,KOSDAQ
SPCCF,479880,한국제15호스팩,KOSDAQ
GIEN,65060,지엔코,KOSDAQ
CELE,352770,셀레스트라,KOSDAQ
SPCCR,489480,키움제11호스팩,KOSDAQ
OLP,244460,올리패스,KOSDAQ
SPCCG,481890,엔에이치스팩31호,KOSDAQ
DHX,31860,디에이치엑스컴퍼니,KOSDAQ
SPCCS,489730,디비금융제13호스팩,KOSDAQ
HJR,58450,한주에이알티,KOSDAQ
SPCCB,477760,DB금융스팩12호,KOSDAQ
SPCCD,478390,KB제29호스팩,KOSDAQ
SPCCH,482520,교보16호스팩,KOSDAQ
SPCCT,492220,KB제31호스팩,KOSDAQ
MDK,54180,메디콕스,KOSDAQ
KESP,79190,케스피온,KOSDAQ
SPCBN,471050,대신밸런스제17호스팩,KOSDAQ
SAEN,65570,삼영이엔씨,KOSDAQ
SPCCJ,482690,대신밸런스제19호스팩,KOSDAQ
SPCBM,469900,하나31호스팩,KOSDAQ
STL,60240,스타코링크,KOSDAQ
SPCCA,477470,미래에셋비전스팩5호,KOSDAQ
SPCCM,487360,신한제14호스팩,KOSDAQ
SPCCV,496070,신한제16호스팩,KOSDAQ
SPCBT,474490,유안타제16호스팩,KOSDAQ
SPCBU,474660,신한제12호스팩,KOSDAQ
SPCCL,486630,KB제30호스팩,KOSDAQ
SPCCQ,489210,교보17호스팩,KOSDAQ
SPCCU,493790,유안타제17호스팩,KOSDAQ
ALP,43100,알파AI,KOSDAQ
SPCBG,466690,키움히어로제1호스팩,KOSDAQ
SPCCC,478110,이베스트스팩6호,KOSDAQ
SPCCW,498390,한화플러스제5호스팩,KOSDAQ
SPCBO,472220,신영스팩10호,KOSDAQ
SPCCP,488060,유진스팩11호,KOSDAQ
KEM,106080,케이이엠텍,KOSDAQ
SPCCK,484130,하나34호스팩,KOSDAQ
SPCBI,467930,IBKS제23호스팩,KOSDAQ
SPCBK,469480,IBKS제24호스팩,KOSDAQ
SPCBC,462020,에이치엠씨제6호스팩,KOSDAQ
SPCBD,464440,한국제13호스팩,KOSDAQ
SPCBS,473950,에스케이증권제13호스팩,KOSDAQ
SPCCO,487830,신한제15호스팩,KOSDAQ
SPCBF,465320,교보15호스팩,KOSDAQ
SPCBJ,468760,유진스팩10호,KOSDAQ
SPCCN,487720,키움제10호스팩,KOSDAQ
SPCBP,472230,에스케이증권제11호스팩,KOSDAQ
SPCBV,474930,신한제13호스팩,KOSDAQ
SPCBX,475250,하나33호스팩,KOSDAQ
TB,79970,투비소프트,KOSDAQ
SCON,276040,스코넥,KOSDAQ
SPCBQ,473000,에스케이증권제12호스팩,KOSDAQ
AIEM,101390,아이엠,KOSDAQ
SPCBW,475240,하나32호스팩,KOSDAQ
KDA,44180,KD,KOSDAQ
CRY,313760,캐리,KOSDAQ
TT,43090,더테크놀로지,KOSDAQ
ITO,52770,아이톡시,KOSDAQ
DASPP,21045,대호특수강우,KOSDAQ
SOFP,32685,소프트센우,KOSDAQ
DKE,0001A0,덕양에너젠,KOSDAQ
NVM,0004V0,엔비알모션,KOSDAQ
SPCAA,0004Y0,디비금융제14호스팩,KOSDAQ
ACR,0007C0,아크릴,KOSDAQ
INBE,0007J0,인벤테라,KOSDAQ
SNSA,0008Z0,에스엔시스,KOSDAQ
AMB,0009K0,에임드바이오,KOSDAQ
BWC,0010F0,보원케미칼,KOSDAQ
JPI,0010V0,제이피아이헬스케어,KOSDAQ
AXV,0011A0,액스비스,KOSDAQ
SJF,0013V0,삼진식품,KOSDAQ
GRO,0015G0,그린광학,KOSDAQ
ARO,0015N0,아로마티카,KOSDAQ
FESC,0015S0,페스카로,KOSDAQ
SPCAB,0037T0,KB제32호스팩,KOSDAQ
SPCAC,0041B0,교보18호스팩,KOSDAQ
SPCAD,0041J0,엘에스스팩1호,KOSDAQ
SPCAE,0041L0,하나35호스팩,KOSDAQ
SPCAF,0044K0,삼성스팩10호,KOSDAQ
SPCAG,0054V0,엔에이치스팩32호,KOSDAQ
SPCAH,0068Y0,비엔케이제3호스팩,KOSDAQ
SPCAI,0071M0,삼성스팩11호,KOSDAQ
SPCAJ,0072Z0,KB제33호스팩,KOSDAQ
CANN,0082N0,카나프테라퓨틱스,KOSDAQ
SPCAK,0088D0,메리츠제1호스팩,KOSDAQ
MEJ,0088M0,메쥬,KOSDAQ
SPCAL,0091W0,신영스팩11호,KOSDAQ
SPCAM,0093G0,미래에셋비전스팩8호,KOSDAQ
SPCAN,0096B0,삼성스팩12호,KOSDAQ
SPCAO,0096D0,미래에셋비전스팩9호,KOSDAQ
SPCAP,0097F0,미래에셋비전스팩10호,KOSDAQ
SPCAQ,0098T0,교보19호스팩,KOSDAQ
SPCAR,0099W0,미래에셋비전스팩11호,KOSDAQ
SPCAS,0099X0,IBKS제25호스팩,KOSDAQ
SPCAT,0101C0,하나36호스팩,KOSDAQ
SPCAU,0105P0,유진스팩12호,KOSDAQ
SPCAV,0115H0,삼성스팩13호,KOSDAQ
SPCAW,0130D0,신한제17호스팩,KOSDAQ
SPCAX,0130H0,엔에이치스팩33호,KOSDAQ
SPCAY,0131D0,키움히어로제2호스팩,KOSDAQ
SPCAZ,0132G0,교보20호스팩,KOSDAQ
HAESA,03481K,해성산업1우,KOSDAQ
